rainfall_mm,avg_temp_c,soil_ph,humidity_pct,sunlight_hours,fertilizer_kg_ha,planting_density_k_ha,pest_incidence_pct,variety,soil_type,yield_tonnes_ha
1349.0,25.0,5.4,56.6,6.46,79.3,12.94,12.8,TME 419,Loam,27.27
1158.5,26.6,5.98,62.4,5.9,101.7,5.3,12.9,TMS 98/0505,Sandy,28.98
1394.3,24.6,6.01,58.7,6.29,84.2,9.18,37.4,TME 419,Sandy,24.33
1656.9,26.1,6.33,63.4,7.36,126.6,9.9,23.1,Local,Sandy,20.14
1129.8,21.3,5.04,67.4,8.03,191.8,10.04,39.8,TMS 30572,Clay,20.69
1129.8,27.6,6.41,80.0,7.18,73.7,10.45,10.0,TME 419,Clay,30.52
1673.8,27.0,4.11,66.1,6.62,180.0,11.53,14.2,TMS 98/0505,Sandy,22.03
1430.2,24.5,5.56,51.0,8.3,73.1,9.91,1.7,Local,Sandy-Loam,25.07
1059.2,29.0,5.66,83.7,6.12,69.1,9.08,6.9,TMS 30572,Loam,29.56
1362.8,29.8,6.44,60.0,7.74,169.1,8.98,34.0,Local,Clay,22.51
1061.0,22.2,6.02,69.3,6.15,175.3,8.47,9.8,TMS 30572,Loam,26.86
1060.3,24.7,5.02,75.4,7.02,171.1,11.97,34.2,Local,Clay,19.64
1272.6,24.7,5.31,72.4,6.36,41.1,8.38,2.6,TMS 30572,Loam,28.49
626.0,24.2,6.14,83.1,6.43,92.0,12.12,4.5,TMS 30572,Loam,26.83
682.5,29.5,5.94,75.7,6.05,169.4,10.05,11.6,TME 419,Sandy-Loam,26.58
1031.3,26.4,5.59,59.7,8.11,122.5,8.7,14.4,Local,Sandy,23.78
896.2,26.2,5.66,96.1,5.62,55.6,11.55,24.2,TME 419,Sandy-Loam,24.86
1294.3,21.0,6.49,72.3,5.61,147.5,8.18,19.5,TMS 30572,Clay,27.26
927.6,28.9,5.64,68.2,9.05,77.1,11.6,10.8,TME 419,Loam,26.76
776.3,23.3,5.94,81.6,7.67,227.7,10.53,13.7,Local,Clay,21.54
1639.7,27.2,7.52,73.0,3.64,212.7,8.51,11.8,Local,Sandy,17.24
1132.3,27.8,5.0,74.8,5.82,156.2,11.32,5.9,TMS 98/0505,Loam,27.91
1220.3,31.1,4.7,99.9,4.33,201.7,11.37,6.1,TME 419,Sandy-Loam,23.37
772.6,23.1,6.55,66.7,5.36,123.9,12.89,25.3,Local,Sandy,18.84
1036.7,17.9,5.52,66.2,2.73,165.9,12.42,0.0,TMS 30572,Clay,22.08
1233.3,27.6,5.78,71.4,6.34,208.7,11.23,31.2,TMS 30572,Loam,28.15
854.7,32.4,5.45,82.9,5.13,134.7,7.18,11.6,Local,Clay,17.57
1312.7,30.7,5.82,51.9,6.57,104.7,16.12,7.3,TMS 98/0505,Sandy,26.95
1019.8,27.6,7.12,46.4,4.55,17.7,6.49,22.4,TMS 30572,Loam,23.93
1112.5,25.5,6.56,63.0,6.6,115.0,12.37,29.9,TME 419,Sandy-Loam,24.83
1019.5,29.4,6.6,50.4,6.0,169.4,11.08,26.2,TME 419,Sandy,24.3
1755.7,24.1,5.01,64.9,8.3,176.7,7.06,20.0,TMS 98/0505,Clay,25.05
1196.0,28.4,5.19,76.0,8.19,150.3,9.69,25.9,Local,Loam,23.91
882.7,28.5,4.01,59.3,7.44,87.5,9.8,0.0,Local,Loam,19.3
1446.8,30.2,5.43,52.9,6.11,1.4,13.26,9.8,Local,Clay,16.55
833.7,35.3,6.67,70.8,8.88,90.3,8.22,5.9,TMS 30572,Loam,28.42
1262.7,28.2,6.36,80.4,4.64,101.7,9.35,27.2,TME 419,Sandy,22.98
612.1,25.5,5.84,49.7,4.82,101.2,4.16,11.2,TMS 30572,Sandy-Loam,23.31
801.5,26.9,5.98,79.8,6.4,157.1,14.34,23.5,Local,Sandy-Loam,23.36
1259.1,21.7,5.52,79.8,9.2,239.1,7.32,20.4,TMS 30572,Sandy,26.25
1421.5,24.9,6.14,81.4,6.26,127.4,10.82,6.4,TMS 30572,Loam,32.38
1251.4,25.8,6.54,84.6,6.28,107.0,9.75,9.1,TME 419,Clay,28.21
1165.3,25.4,4.87,96.4,4.77,104.4,9.75,27.9,TMS 30572,Sandy-Loam,23.59
1109.7,27.5,6.21,65.7,7.64,127.5,12.02,7.2,TME 419,Sandy-Loam,27.12
756.4,24.5,6.65,71.3,7.64,70.3,14.18,16.2,TMS 30572,Sandy-Loam,27.88
984.0,30.4,5.71,65.0,7.45,127.2,10.63,7.2,Local,Sandy,24.14
1061.8,27.0,6.49,70.0,5.74,147.0,11.64,11.9,TME 419,Sandy-Loam,27.33
1517.1,27.0,7.97,88.4,5.65,132.6,10.82,14.5,TMS 98/0505,Sandy-Loam,25.96
1303.1,26.0,5.93,53.9,4.95,147.5,12.54,7.2,TMS 98/0505,Loam,29.85
671.1,27.5,6.28,59.7,6.6,146.0,8.84,5.4,Local,Loam,27.06
1297.2,29.5,5.48,86.5,5.2,13.7,12.69,17.9,TME 419,Loam,24.99
1084.5,24.4,6.13,82.2,5.09,158.2,12.78,6.6,Local,Clay,25.35
996.9,25.0,6.32,65.6,5.99,79.7,12.71,6.9,TMS 98/0505,Loam,30.92
1383.5,26.1,6.14,80.3,5.91,54.2,8.35,5.6,TME 419,Sandy,27.89
1509.3,23.0,5.29,74.1,5.85,53.7,9.58,14.2,TME 419,Sandy,21.91
1479.4,24.5,6.14,88.0,7.06,146.0,10.6,24.4,Local,Loam,25.24
948.2,25.6,7.02,70.9,6.59,106.6,6.57,30.1,TMS 98/0505,Loam,26.11
1107.2,29.6,6.31,82.3,6.15,19.1,13.99,7.7,TME 419,Clay,25.87
1299.4,27.8,6.67,100.0,6.72,148.7,9.97,36.5,Local,Sandy,21.24
1492.7,27.6,5.83,77.2,5.31,33.6,10.71,5.0,TME 419,Sandy-Loam,30.61
1056.2,29.6,6.52,70.6,6.63,128.4,8.56,25.8,Local,Sandy-Loam,24.28
1144.3,26.6,6.2,78.7,6.68,134.3,6.68,7.8,TMS 30572,Sandy-Loam,30.18
868.1,28.2,5.33,65.6,4.7,173.1,8.49,6.3,TMS 98/0505,Clay,26.35
841.1,26.7,6.22,98.7,7.69,226.9,10.55,7.6,TMS 98/0505,Sandy,28.23
1443.8,27.8,5.31,72.2,5.44,38.1,11.68,14.5,TME 419,Loam,26.35
1606.9,25.3,5.56,66.7,6.61,116.9,10.4,20.8,TMS 30572,Sandy,25.0
1178.4,19.7,6.13,60.0,7.9,103.4,10.87,21.7,TME 419,Sandy-Loam,24.73
1501.1,26.6,6.21,83.2,7.61,146.0,9.16,5.6,Local,Loam,26.5
1308.5,31.3,5.17,80.4,6.54,132.9,11.24,5.1,TMS 98/0505,Loam,29.8
1006.5,29.8,6.74,64.0,6.07,98.8,13.71,5.8,TME 419,Clay,25.25
1308.4,29.9,6.4,76.9,7.64,93.5,11.76,13.9,TME 419,Sandy-Loam,27.88
1661.4,30.7,5.51,51.9,7.31,53.0,12.02,12.9,TMS 98/0505,Clay,27.24
1189.3,27.3,4.92,72.2,5.76,179.3,10.74,5.5,Local,Clay,22.14
1669.4,27.6,5.9,75.4,5.55,147.6,6.24,17.7,TMS 30572,Loam,29.0
414.1,25.1,5.69,90.5,4.01,175.1,7.39,37.6,TMS 98/0505,Clay,19.91
1446.6,26.1,6.08,60.8,6.68,101.4,11.14,10.0,TME 419,Sandy,26.34
1226.1,28.8,5.75,54.7,6.4,80.6,9.97,10.7,Local,Sandy-Loam,24.89
1110.3,30.6,4.59,59.3,7.86,55.3,11.1,20.6,TME 419,Loam,23.64
1227.5,26.6,5.73,54.0,6.93,141.5,14.19,9.4,Local,Sandy,24.17
603.7,25.6,5.79,86.0,8.1,57.6,11.82,21.7,TME 419,Sandy-Loam,22.11
1134.1,27.0,6.44,88.6,5.66,230.9,13.15,7.8,TMS 30572,Loam,31.25
1307.1,28.8,5.51,73.8,7.87,41.5,10.24,33.3,TME 419,Sandy-Loam,26.75
1643.4,22.7,7.18,84.7,5.87,136.4,7.98,18.4,TME 419,Sandy-Loam,25.29
1044.5,20.1,4.66,71.6,7.43,214.0,9.86,8.8,TME 419,Sandy-Loam,23.15
957.5,25.3,6.92,68.9,4.75,155.9,7.99,9.1,TME 419,Sandy,25.12
1049.5,23.3,5.84,66.0,6.78,130.5,13.9,9.9,TMS 98/0505,Sandy,26.89
1474.6,25.5,6.6,66.3,4.12,61.9,11.98,28.7,TME 419,Sandy-Loam,24.26
1298.6,26.6,6.06,51.4,6.18,37.1,11.3,2.3,TMS 30572,Sandy-Loam,28.7
1041.1,25.6,6.8,73.2,7.03,166.2,13.09,8.3,TME 419,Loam,28.75
1354.0,31.4,5.73,69.5,5.87,210.4,4.95,9.4,TME 419,Loam,26.69
1229.1,28.0,5.23,78.9,5.24,93.7,11.47,14.8,Local,Sandy,21.36
1490.6,27.9,6.99,71.1,7.52,51.7,6.72,12.3,TME 419,Sandy-Loam,25.96
989.4,28.9,5.92,68.0,6.38,0.0,9.98,0.1,TMS 30572,Sandy,21.06
1101.7,23.6,6.16,59.5,5.91,61.2,9.22,11.0,Local,Sandy,19.98
1082.4,30.1,6.86,70.9,6.55,113.2,11.65,14.0,TMS 98/0505,Clay,26.34
760.9,26.8,5.28,78.9,9.66,215.9,10.57,8.7,TME 419,Sandy,26.83
1288.8,29.0,6.42,56.3,7.88,160.4,13.36,21.9,TMS 98/0505,Sandy-Loam,29.31
1278.3,23.8,5.59,71.0,7.9,138.3,8.5,24.2,Local,Sandy,22.59
1201.5,22.3,5.91,72.8,7.02,96.0,11.77,14.2,TME 419,Sandy,23.29
1129.6,29.5,6.05,61.4,6.7,85.0,10.41,17.3,Local,Loam,26.3
775.4,28.1,4.95,62.9,3.62,204.3,5.91,0.0,Local,Loam,26.13
1073.8,24.3,5.45,72.8,5.69,132.0,7.7,10.8,TMS 98/0505,Sandy,26.21
1097.2,24.4,6.95,56.4,5.92,0.0,9.63,25.0,Local,Loam,19.85
959.3,30.4,6.62,74.2,4.25,79.6,12.78,10.8,TME 419,Loam,28.37
1151.6,23.4,5.96,59.3,5.11,68.5,11.16,7.6,Local,Sandy-Loam,21.33
1321.2,31.9,6.17,82.8,4.12,87.2,7.08,37.8,TME 419,Sandy,22.74
1765.9,24.3,5.79,98.1,6.45,153.8,9.65,33.2,TMS 30572,Sandy-Loam,26.02
1252.4,28.9,6.95,59.7,7.48,113.6,15.04,19.7,TMS 30572,Clay,24.87
1277.3,26.0,5.86,76.4,7.83,115.4,10.28,26.4,TMS 30572,Sandy,24.69
1177.7,28.8,6.16,61.3,7.0,198.8,9.18,0.0,TME 419,Sandy,28.43
624.4,25.4,6.8,82.5,5.34,78.2,11.23,7.1,TMS 98/0505,Loam,26.85
1192.0,26.5,5.46,54.8,4.18,231.9,11.91,10.3,TMS 30572,Sandy,28.19
1218.1,27.1,7.09,75.8,4.39,79.7,8.86,12.6,TME 419,Loam,27.58
1939.0,24.0,4.93,59.5,4.98,125.4,11.26,10.1,TME 419,Sandy,19.24
1142.3,29.2,7.14,67.5,5.43,103.1,9.18,0.0,TMS 98/0505,Clay,27.05
1290.5,25.5,5.74,57.6,6.31,127.4,11.8,18.9,TME 419,Loam,27.75
1189.6,26.3,5.83,79.9,5.28,146.7,10.42,20.4,TMS 30572,Sandy,28.85
849.4,24.0,4.68,60.0,6.91,146.0,11.2,31.0,TME 419,Loam,22.02
1542.8,19.3,5.68,76.6,6.22,74.8,8.1,7.1,Local,Clay,18.95
1425.6,26.4,5.27,65.9,6.51,52.6,7.95,6.3,TMS 30572,Sandy,24.25
1437.3,34.2,5.57,68.6,7.87,270.2,12.36,0.0,TMS 30572,Sandy-Loam,29.32
927.2,29.4,5.9,71.8,5.08,91.0,9.8,12.1,TME 419,Loam,27.66
1620.8,26.9,6.67,60.9,7.0,162.0,10.71,24.0,TMS 30572,Sandy-Loam,26.44
779.4,26.2,6.15,72.5,6.48,23.5,9.23,8.9,Local,Sandy,20.08
1376.1,27.1,6.22,88.4,6.1,103.2,12.25,36.4,TMS 30572,Sandy-Loam,26.39
1857.1,28.6,5.23,60.7,7.56,112.4,8.48,12.4,TMS 98/0505,Clay,25.25
902.8,23.5,5.38,84.1,7.55,148.4,9.66,16.5,TMS 98/0505,Loam,27.99
1030.1,30.3,7.26,88.0,5.36,0.0,11.96,1.4,TME 419,Loam,24.91
1229.9,29.1,5.49,60.2,6.28,130.0,12.93,17.9,TME 419,Sandy,23.9
1049.0,29.2,7.16,52.5,6.84,51.0,8.69,0.0,TMS 30572,Sandy-Loam,25.99
734.8,28.3,5.83,73.6,6.17,139.5,14.9,21.9,TME 419,Clay,23.26
1220.6,27.1,6.0,63.4,7.2,57.8,10.78,22.2,TME 419,Sandy,24.81
881.3,29.0,6.75,92.4,6.84,68.7,7.39,28.6,TMS 98/0505,Sandy,22.46
1342.1,28.8,6.89,70.4,8.7,103.6,10.92,4.8,TME 419,Sandy,28.71
924.2,25.9,5.92,60.4,4.66,56.9,9.04,16.6,TME 419,Clay,25.67
1665.0,25.3,5.73,56.2,6.35,91.5,11.09,20.6,Local,Clay,23.0
965.0,27.3,5.96,83.1,5.41,48.4,9.89,19.4,Local,Loam,24.46
1103.4,31.6,6.24,63.1,7.22,10.0,10.19,6.3,Local,Loam,21.12
1444.1,23.3,6.62,70.5,4.56,181.1,7.72,0.0,TMS 98/0505,Loam,32.3
830.7,22.6,6.0,81.5,6.92,42.2,12.48,18.5,TME 419,Loam,24.61
1268.2,27.5,6.43,64.2,5.74,109.3,7.11,13.5,TME 419,Sandy,24.22
1592.1,27.2,7.15,69.4,5.62,165.2,7.23,9.3,TMS 30572,Loam,28.8
717.8,27.5,6.27,69.8,4.76,83.1,10.92,22.6,TMS 30572,Sandy,25.65
1255.4,27.7,6.22,78.2,5.94,70.5,14.01,14.6,TMS 30572,Sandy-Loam,29.2
1278.0,26.3,4.94,77.1,7.8,133.6,9.12,1.8,Local,Clay,23.71
1434.5,31.5,4.16,67.4,6.47,187.1,11.75,0.0,TMS 30572,Sandy-Loam,23.3
828.9,22.2,6.27,70.8,7.25,49.8,12.68,3.7,Local,Loam,23.03
803.9,24.5,5.93,65.5,8.5,111.0,12.04,38.9,Local,Sandy-Loam,22.13
1356.6,26.7,5.64,52.3,6.82,16.1,9.22,22.2,Local,Clay,19.98
1289.1,22.1,6.17,73.1,5.83,96.4,7.27,16.9,Local,Loam,24.54
1275.1,26.5,5.96,92.7,7.06,122.1,4.48,13.2,Local,Sandy,21.9
1303.9,32.0,6.79,59.4,5.85,68.7,9.34,12.5,TMS 30572,Clay,26.43
996.0,27.1,6.06,60.7,5.89,92.6,12.95,26.7,Local,Sandy-Loam,19.33
1269.7,27.7,5.48,59.6,4.68,35.5,7.19,10.1,TMS 30572,Sandy,24.25
1287.9,23.2,6.69,78.7,7.61,124.6,11.75,20.8,Local,Sandy,20.65
985.7,25.2,5.85,75.4,6.04,183.3,7.62,11.5,Local,Clay,23.03
1759.7,25.9,6.37,68.1,6.72,54.2,10.27,34.4,TME 419,Sandy-Loam,24.22
1342.1,26.0,5.67,59.0,5.26,82.6,11.77,22.4,TMS 98/0505,Clay,24.48
842.6,30.8,5.55,71.1,7.02,150.2,8.35,27.5,TMS 98/0505,Loam,28.99
1397.0,28.7,6.06,51.2,5.59,192.7,10.43,9.2,TMS 98/0505,Loam,30.49
907.6,23.7,6.01,71.7,6.33,30.4,8.96,25.6,TMS 30572,Loam,27.23
1436.1,27.7,6.34,80.5,7.55,109.9,11.76,11.9,TMS 30572,Sandy-Loam,28.59
1547.6,28.5,5.81,55.0,7.45,137.0,10.59,16.1,TMS 30572,Clay,28.98
953.8,30.4,4.71,51.6,6.47,113.9,10.14,31.4,TMS 30572,Loam,25.51
1489.0,31.7,5.7,89.0,4.38,0.0,13.9,4.6,Local,Loam,20.14
1323.8,24.0,6.56,62.7,10.09,150.1,11.66,17.0,TME 419,Sandy-Loam,28.09
1446.6,24.6,5.79,83.6,8.6,211.2,8.27,19.4,TME 419,Clay,27.8
1769.0,23.2,5.83,68.2,7.37,127.0,9.79,20.2,TME 419,Sandy-Loam,26.69
1126.4,26.3,6.69,68.1,5.6,58.1,9.81,10.5,TME 419,Loam,28.64
973.9,28.4,5.5,75.3,6.36,89.2,10.2,35.9,Local,Sandy-Loam,23.28
933.1,30.0,4.92,59.4,5.85,226.2,16.31,2.1,TME 419,Sandy-Loam,26.38
955.3,26.8,5.89,71.6,8.02,174.6,10.93,29.6,Local,Loam,23.31
1176.9,26.0,5.66,65.4,6.82,158.4,4.91,27.2,TMS 98/0505,Sandy-Loam,25.99
1302.3,27.5,5.32,54.2,5.56,141.4,8.64,34.0,Local,Sandy,18.15
1283.0,24.5,5.88,74.0,5.94,80.3,5.17,0.0,Local,Clay,20.35
1448.2,33.3,6.34,66.8,7.85,108.0,9.18,6.3,TMS 98/0505,Sandy-Loam,29.37
1203.9,22.2,5.99,68.1,8.42,115.3,5.03,29.9,TME 419,Loam,26.61
1636.1,27.6,6.21,55.5,8.33,153.0,7.82,0.0,Local,Clay,24.38
1120.6,33.1,7.27,89.1,7.41,210.5,6.2,0.0,TME 419,Loam,26.77
2016.1,27.0,5.76,80.5,6.2,187.1,10.96,10.1,Local,Clay,23.26
1387.7,26.4,6.19,81.6,2.61,34.8,10.0,16.9,Local,Sandy-Loam,22.63
942.9,25.9,5.64,66.3,6.86,133.4,10.76,30.9,Local,Clay,21.64
878.7,26.5,5.41,49.2,6.5,164.2,9.74,13.1,TME 419,Sandy-Loam,27.98
1344.7,31.1,5.59,93.4,6.67,157.1,6.51,8.9,TMS 30572,Loam,28.85
1133.0,20.4,5.66,69.3,6.56,82.2,11.28,18.1,TME 419,Sandy,24.6
1414.2,31.6,6.25,61.0,4.91,294.8,14.81,19.7,TMS 30572,Loam,27.56
1342.0,22.7,7.64,75.0,7.17,43.4,11.02,19.4,Local,Clay,20.53
1178.2,26.2,5.5,84.0,7.26,55.0,8.94,13.2,TME 419,Sandy,23.37
946.0,25.7,5.71,69.7,7.32,134.0,6.43,0.0,TMS 30572,Clay,28.19
745.5,28.8,5.96,85.3,7.64,247.0,7.73,5.8,Local,Loam,25.23
1066.0,22.2,6.28,83.0,7.22,69.8,11.13,29.2,TMS 98/0505,Clay,26.58
1456.9,28.4,6.18,57.1,6.01,104.1,12.68,16.9,TME 419,Sandy,24.2
1264.2,33.1,6.9,61.9,6.41,184.6,10.65,11.8,TMS 30572,Clay,26.53
826.3,22.9,4.3,81.5,6.61,118.9,12.0,26.2,TME 419,Clay,17.5
1252.0,27.6,4.33,37.4,6.63,99.9,11.77,3.7,TME 419,Sandy-Loam,23.57
1315.6,25.0,5.65,68.2,7.7,153.9,11.27,12.7,TMS 30572,Clay,26.65
934.8,28.3,6.77,52.8,7.27,136.4,8.35,16.4,TMS 30572,Clay,28.49
1246.1,27.1,4.9,64.3,8.99,181.8,10.43,10.6,Local,Sandy-Loam,22.53
1217.5,25.1,3.89,66.4,9.15,197.5,7.88,16.0,TMS 98/0505,Clay,19.24
857.1,28.5,6.4,65.7,6.6,138.4,10.04,13.1,Local,Loam,26.66
1307.3,32.4,6.17,63.4,2.0,137.5,10.83,1.0,Local,Sandy-Loam,23.03
1368.2,26.4,5.24,56.8,7.98,132.8,14.2,16.8,TME 419,Clay,24.67
1524.9,29.2,5.31,97.5,5.85,149.3,6.73,1.7,TMS 30572,Loam,28.35
1516.1,23.1,5.32,92.4,5.54,123.3,11.2,16.7,TMS 98/0505,Clay,23.52
786.7,24.1,6.08,56.1,6.02,120.0,13.7,28.7,TME 419,Sandy-Loam,24.31
918.7,28.4,5.56,89.0,5.96,191.8,11.9,12.2,Local,Sandy-Loam,25.59
1354.5,31.5,6.35,65.2,7.23,211.0,12.08,3.3,TMS 30572,Sandy-Loam,31.27
1354.1,28.1,4.0,71.6,4.63,29.5,11.47,13.7,Local,Loam,17.29
1354.5,26.1,5.4,69.2,5.21,120.6,13.25,6.7,TME 419,Loam,29.57
2355.8,27.0,5.21,62.1,6.91,78.7,7.28,20.9,TME 419,Sandy,17.43
1371.3,23.2,5.82,81.8,7.25,101.3,6.54,13.5,Local,Sandy,20.32
1540.7,28.8,5.62,71.5,7.27,144.2,9.98,32.1,TME 419,Sandy-Loam,27.33
1486.2,29.6,6.56,64.3,5.56,160.2,4.6,26.6,TME 419,Loam,26.39
1395.4,25.6,4.7,54.3,5.33,113.3,13.08,13.5,TMS 30572,Clay,22.52
1105.4,25.6,6.03,59.3,5.89,5.2,13.05,22.2,TMS 30572,Clay,21.55
1427.7,27.8,6.39,50.3,6.79,62.1,8.92,11.1,Local,Clay,19.82
968.2,25.7,7.3,70.1,8.28,173.8,9.07,15.3,Local,Sandy,21.88
1129.0,26.8,5.66,55.6,4.04,0.0,9.82,11.4,Local,Loam,20.58
1054.4,33.3,6.23,66.8,6.24,191.2,10.13,22.7,Local,Loam,25.24
1224.6,26.3,4.74,86.4,4.9,151.3,10.32,29.3,TMS 30572,Loam,24.74
1894.4,25.9,4.33,84.4,4.52,199.0,11.4,23.0,TMS 98/0505,Sandy-Loam,21.26
639.8,25.1,6.59,69.6,7.66,108.1,9.57,24.2,TMS 30572,Sandy-Loam,26.34
1405.9,29.2,6.0,69.0,7.15,0.0,12.36,24.2,TMS 30572,Loam,26.02
716.2,26.5,6.82,92.6,7.04,145.8,11.11,20.5,TME 419,Sandy-Loam,25.69
1058.4,25.1,5.04,76.2,7.61,196.5,8.48,3.6,TME 419,Loam,29.48
1526.7,31.0,6.36,66.1,5.92,175.5,13.34,32.0,TMS 98/0505,Clay,24.73
1219.3,31.3,7.31,52.9,5.98,80.2,6.6,33.0,TMS 98/0505,Sandy,21.88
876.7,25.2,6.29,74.7,9.12,125.2,9.77,12.7,TME 419,Clay,26.86
985.4,21.4,6.19,80.0,6.2,88.0,12.42,11.3,Local,Loam,24.7
1403.9,30.0,6.01,62.4,7.38,70.8,8.19,21.1,TMS 30572,Sandy,25.7
980.9,24.9,4.9,73.5,6.51,177.3,10.77,20.5,Local,Loam,24.81
1264.9,29.4,6.95,65.6,4.28,48.1,11.36,13.0,TMS 30572,Loam,26.07
1213.7,21.1,5.57,67.8,4.05,66.4,7.85,2.5,TMS 30572,Clay,24.37
1004.5,29.7,6.35,40.1,5.81,53.8,9.82,18.1,Local,Sandy,19.76
1843.2,23.4,4.91,67.3,7.77,30.6,9.61,20.5,TMS 98/0505,Clay,23.26
1390.2,29.2,5.17,81.6,7.45,128.8,8.62,22.3,TMS 98/0505,Clay,25.45
592.5,27.0,7.0,62.4,7.6,189.7,15.75,18.5,TMS 98/0505,Clay,26.36
1255.9,24.1,5.76,70.6,5.32,108.9,8.09,12.3,TME 419,Clay,25.61
1001.5,25.8,7.02,60.9,8.44,29.7,12.51,24.9,Local,Sandy,17.56
1455.7,29.1,5.95,74.3,5.34,170.4,9.02,15.7,TME 419,Loam,29.16
962.2,27.3,4.71,67.4,6.76,221.1,7.28,10.4,TME 419,Sandy-Loam,24.91
1165.6,28.8,6.62,58.7,6.49,81.2,10.26,13.2,Local,Clay,26.31
1351.5,32.9,5.59,86.0,6.29,91.3,11.62,0.0,TME 419,Clay,27.27
1459.7,22.3,6.49,81.1,8.11,150.9,12.3,13.2,TMS 30572,Clay,26.51
839.9,31.9,6.02,62.7,5.65,217.3,13.91,21.9,Local,Loam,23.08
1099.6,27.3,4.92,76.0,4.88,88.8,17.36,18.4,TME 419,Clay,21.92
1057.5,24.3,6.12,76.4,6.52,40.1,10.63,30.2,Local,Sandy-Loam,23.23
1004.0,23.0,7.54,77.7,6.02,157.9,8.34,12.4,TMS 30572,Sandy,18.87
1729.6,26.4,6.35,49.7,10.55,167.9,11.13,19.9,TMS 30572,Sandy-Loam,29.56
1321.5,29.8,5.96,82.1,7.31,120.4,9.33,22.9,Local,Sandy,21.89
821.7,26.6,6.75,63.2,6.01,86.5,12.31,38.4,TMS 98/0505,Loam,25.16
1475.4,31.5,6.15,65.7,5.23,179.7,6.76,16.4,Local,Sandy-Loam,24.7
1836.6,22.6,6.15,100.0,4.24,151.7,15.92,4.6,TME 419,Sandy-Loam,26.82
1509.7,27.0,5.24,73.6,5.27,73.9,12.14,23.5,TMS 30572,Sandy-Loam,26.66
744.2,23.2,6.16,65.4,6.64,122.9,5.79,33.7,TMS 30572,Sandy-Loam,25.91
1054.7,28.1,6.72,43.5,8.21,38.9,8.23,11.8,Local,Loam,26.27
1580.1,29.7,5.41,86.7,7.85,161.2,12.04,23.4,TMS 98/0505,Clay,25.75
987.7,25.7,7.0,53.9,6.77,104.3,12.94,27.3,TMS 98/0505,Loam,25.1
1333.1,19.2,5.94,58.0,6.11,93.9,6.82,25.2,TME 419,Loam,24.45
1432.4,27.6,5.38,66.0,6.82,118.0,11.78,16.3,TME 419,Loam,27.89
921.9,28.3,6.7,87.0,5.88,122.4,5.13,8.0,Local,Clay,19.88
1182.1,28.2,5.8,79.3,8.56,173.7,9.78,14.2,TME 419,Loam,30.16
300.0,30.7,6.53,68.1,6.27,155.5,12.78,19.6,TME 419,Sandy-Loam,24.34
892.7,23.8,5.8,73.7,6.4,110.6,8.62,24.1,TMS 30572,Clay,24.85
1124.2,29.0,5.96,62.8,3.84,165.8,6.23,18.3,TME 419,Sandy,23.13
825.7,30.6,6.35,71.7,6.27,144.0,10.37,11.2,TMS 30572,Clay,26.59
1689.7,21.7,6.2,70.9,7.5,94.4,8.49,20.6,Local,Loam,22.94
771.0,28.0,4.6,81.6,5.22,112.5,11.57,23.6,Local,Loam,17.31
1068.0,25.5,5.22,81.6,5.6,111.1,7.79,18.8,Local,Sandy-Loam,21.96
1239.2,26.8,6.65,75.9,7.45,150.3,8.07,6.6,Local,Loam,24.89
1632.4,28.0,5.91,65.7,4.73,98.0,4.95,13.2,TME 419,Sandy-Loam,26.91
769.2,25.5,5.63,78.9,7.77,96.6,10.42,24.5,TMS 30572,Clay,23.23
1548.9,25.0,5.05,68.9,5.86,238.1,9.6,1.2,TMS 30572,Loam,30.37
1203.1,27.1,5.24,57.0,6.03,176.4,7.03,0.0,TME 419,Clay,25.69
905.5,23.7,4.58,65.2,5.15,74.4,10.48,30.1,TMS 30572,Sandy,18.46
1338.6,23.7,5.93,71.0,6.95,154.3,12.57,20.1,TME 419,Sandy,25.03
1259.7,29.0,5.58,80.9,9.45,127.1,9.46,21.1,TME 419,Sandy,24.7
1019.9,23.6,5.32,67.8,7.44,143.5,10.67,4.2,TME 419,Loam,28.7
1220.9,29.0,5.95,55.5,5.46,128.2,10.68,22.4,TMS 30572,Sandy,24.36
1084.4,28.4,6.25,70.7,7.86,191.4,6.99,17.8,Local,Sandy-Loam,24.28
1234.1,21.8,7.47,71.4,6.12,140.7,15.14,0.0,Local,Loam,22.16
1398.6,25.0,4.94,72.2,8.15,116.3,8.82,29.2,TME 419,Clay,21.96
1675.8,30.6,6.81,81.0,7.47,182.5,11.64,16.6,TMS 98/0505,Loam,28.33
828.7,24.1,6.68,82.2,2.97,134.0,11.92,11.0,TMS 30572,Loam,27.69
1839.9,25.6,5.45,62.9,5.3,127.3,9.65,11.2,TMS 30572,Loam,27.77
614.4,28.4,6.14,62.6,7.63,138.8,11.52,0.0,TMS 30572,Clay,27.48
1154.5,29.4,5.68,57.5,6.68,114.4,10.61,20.9,TME 419,Loam,28.59
1376.5,26.2,6.13,78.4,5.27,120.6,6.46,17.6,TMS 30572,Loam,28.94
1284.3,25.2,7.06,87.4,5.74,84.8,9.17,13.1,TMS 30572,Loam,28.98
1013.2,31.3,6.42,66.2,4.21,74.9,8.47,27.8,Local,Clay,20.42
1137.6,32.2,6.36,67.1,6.39,60.1,8.85,1.2,TME 419,Sandy,22.75
1052.1,29.9,5.7,87.6,9.15,36.5,6.74,9.0,Local,Clay,19.99
1023.2,27.3,4.96,76.1,7.47,67.2,12.82,6.5,TME 419,Loam,29.49
1454.9,24.6,5.85,75.2,9.13,109.5,14.0,12.2,TMS 98/0505,Clay,27.83
1307.1,24.5,6.84,55.7,7.56,126.2,12.45,15.7,TME 419,Loam,29.16
992.1,28.6,4.93,78.1,7.73,103.7,13.18,19.3,TME 419,Loam,25.69
1469.9,28.3,5.26,58.9,8.87,0.0,9.14,11.5,TMS 98/0505,Sandy,22.4
1292.2,31.2,6.09,56.4,6.95,214.5,8.41,6.2,TME 419,Sandy-Loam,28.29
1443.9,29.0,5.31,65.8,6.28,185.2,8.05,31.9,TME 419,Loam,30.15
1388.9,22.5,5.45,63.0,7.74,146.7,11.61,39.1,TMS 98/0505,Sandy-Loam,26.32
951.3,30.2,5.7,67.3,8.24,234.4,10.57,16.4,TME 419,Loam,28.71
1031.9,24.0,5.04,52.7,5.92,61.4,9.81,7.4,TMS 30572,Sandy,20.81
1424.2,25.8,5.32,81.5,5.63,233.3,13.24,29.8,Local,Loam,25.76
1383.1,27.8,6.49,83.5,6.67,62.1,11.01,0.5,Local,Sandy,22.68
1193.7,33.0,5.08,46.6,7.5,134.3,7.9,11.7,TME 419,Sandy-Loam,25.93
1235.2,36.3,4.88,81.7,7.46,43.6,8.3,8.0,TME 419,Sandy-Loam,23.34
1583.3,28.8,5.56,60.3,4.79,120.9,11.7,3.4,TMS 98/0505,Clay,27.03
1022.5,26.5,6.51,80.3,8.79,143.2,12.6,12.2,TMS 98/0505,Clay,29.57
1364.1,28.6,5.86,69.2,5.73,110.7,11.38,6.4,TMS 98/0505,Loam,30.33
1139.3,29.7,5.67,70.3,6.18,162.8,14.74,15.1,TME 419,Sandy-Loam,25.64
1134.7,26.0,6.03,67.8,5.42,125.9,14.09,15.3,TMS 98/0505,Loam,31.04
1529.6,32.4,4.78,84.5,9.74,88.7,11.1,8.8,TMS 30572,Clay,24.39
1447.6,27.7,6.35,55.1,6.79,86.0,7.9,11.3,TME 419,Loam,29.54
1444.1,28.5,6.27,77.3,5.48,168.7,6.73,12.7,TMS 30572,Sandy-Loam,29.34
1591.6,29.0,5.71,83.2,7.54,80.8,9.03,23.1,Local,Sandy-Loam,24.34
1206.3,28.3,6.7,78.6,7.42,174.9,11.88,13.5,Local,Sandy-Loam,23.16
1404.6,29.5,5.21,97.9,6.27,193.4,14.57,23.2,TMS 30572,Loam,25.95
1106.9,25.1,6.79,63.7,7.51,19.9,11.04,20.9,TMS 30572,Sandy,23.32
1297.2,25.3,6.11,81.5,5.51,188.0,12.92,20.7,TME 419,Loam,27.29
1161.0,23.7,5.76,68.7,5.91,243.6,9.39,28.9,TME 419,Clay,25.62
1229.1,28.3,5.99,84.8,4.09,135.1,11.56,3.8,TMS 98/0505,Clay,30.07
1378.5,29.3,5.92,69.9,4.91,155.9,12.06,10.3,TMS 30572,Sandy,28.18
954.5,28.4,6.85,65.3,8.67,182.2,5.05,32.6,TME 419,Loam,26.28
1827.7,32.0,5.25,85.7,8.47,103.5,8.97,12.4,Local,Sandy,20.14
898.2,27.0,5.47,64.1,6.58,130.9,12.37,0.0,Local,Sandy-Loam,25.03
835.7,29.0,6.73,53.0,8.5,41.1,10.69,13.0,TMS 98/0505,Sandy,26.3
1547.4,23.7,5.58,63.8,6.31,128.3,7.01,16.3,TME 419,Clay,23.5
1437.5,25.8,6.63,77.4,6.21,149.9,4.0,0.0,TME 419,Loam,30.85
1387.2,29.1,7.19,86.7,6.57,151.0,9.09,28.3,TME 419,Loam,28.18
1388.5,29.5,5.72,71.3,6.35,183.9,9.82,7.9,TMS 98/0505,Sandy-Loam,31.7
1196.3,26.1,6.48,85.8,6.24,73.5,7.79,18.3,TMS 30572,Sandy,26.84
930.8,26.8,5.19,53.7,7.87,88.0,10.36,12.7,TMS 30572,Sandy,25.12
1222.7,22.4,6.53,64.7,6.68,233.7,11.27,2.1,TME 419,Sandy,24.49
996.9,25.9,6.14,66.5,7.35,111.0,11.68,4.3,Local,Loam,26.12
1492.5,29.7,6.33,68.6,7.74,132.0,4.11,5.6,TMS 98/0505,Clay,25.53
1155.9,28.7,5.55,71.0,6.97,116.0,6.71,25.9,TMS 98/0505,Loam,29.54
952.4,28.5,4.84,78.3,5.34,70.7,9.24,13.5,TMS 98/0505,Clay,24.32
1103.6,27.1,6.35,64.7,4.88,217.4,11.43,9.8,TMS 98/0505,Sandy,27.53
1323.9,27.0,4.56,71.7,6.68,88.3,11.22,5.7,TMS 30572,Sandy-Loam,27.17
1030.9,25.0,5.78,69.5,6.29,52.4,11.18,27.0,TMS 30572,Sandy-Loam,25.81
953.3,29.1,6.66,58.9,6.6,93.0,9.04,29.6,TMS 30572,Sandy-Loam,26.38
1273.1,28.3,6.13,68.6,6.48,0.0,9.18,26.8,TMS 30572,Sandy-Loam,23.93
1273.5,28.5,7.36,68.3,9.6,80.9,8.18,19.9,Local,Loam,21.6
1047.9,25.4,6.72,68.0,4.9,61.9,11.92,17.9,TME 419,Loam,26.69
1058.7,20.5,5.54,70.4,4.11,157.0,7.7,2.8,TMS 98/0505,Clay,21.88
1269.6,30.3,6.02,70.9,6.9,79.6,12.13,12.5,TME 419,Sandy,24.7
765.6,25.6,5.97,64.8,6.05,173.3,10.52,8.2,TMS 98/0505,Loam,31.27
777.8,24.4,4.89,85.3,6.88,203.9,9.89,0.0,Local,Sandy,20.52
984.5,29.1,5.34,56.0,7.2,166.9,8.36,25.6,TME 419,Loam,26.35
1136.0,25.8,5.61,61.3,8.04,107.1,6.61,8.0,TME 419,Loam,28.88
1293.3,30.2,4.57,100.0,4.69,128.5,8.38,27.0,Local,Sandy,14.7
1642.6,28.9,6.03,57.5,5.83,28.5,9.17,23.8,Local,Sandy,19.47
1457.3,29.1,5.83,53.8,7.01,112.0,4.08,20.6,Local,Clay,24.4
1152.0,22.9,4.83,78.8,7.42,68.4,9.51,21.1,TMS 30572,Sandy,24.22
1194.3,30.6,6.28,45.1,9.13,161.7,12.31,8.8,Local,Sandy-Loam,25.02
899.2,27.8,6.5,67.2,7.65,274.4,11.42,33.6,Local,Sandy,21.42
1194.4,25.9,6.16,95.7,6.43,150.0,8.76,15.4,Local,Clay,21.61
1113.4,27.4,5.77,51.5,5.43,0.5,10.12,18.0,TMS 30572,Loam,23.68
1296.8,21.7,6.41,46.2,5.82,98.3,8.61,8.5,TMS 30572,Sandy,24.29
951.8,28.2,6.48,52.0,5.79,127.3,10.37,5.7,TMS 30572,Loam,28.97
1355.8,23.9,6.22,80.8,7.29,125.2,13.85,19.8,TME 419,Loam,29.01
1659.8,22.9,5.42,83.5,6.81,76.2,12.42,17.2,Local,Sandy-Loam,23.54
1167.4,22.4,6.19,63.8,4.91,134.7,11.3,7.1,TMS 30572,Clay,26.61
1320.5,30.3,6.84,78.2,5.98,45.4,8.77,0.6,TMS 30572,Sandy,26.06
1407.0,25.1,5.58,86.7,7.55,63.3,11.87,2.3,Local,Sandy,19.78
1079.6,31.6,7.47,91.4,6.92,158.7,5.78,27.0,TME 419,Loam,25.51
1267.2,25.4,5.63,67.0,7.18,59.1,9.37,8.9,Local,Sandy,20.23
1203.8,21.9,6.02,42.4,6.96,152.3,11.46,11.6,Local,Loam,22.9
1229.3,23.7,5.53,60.1,8.45,37.8,11.85,29.5,TMS 30572,Sandy-Loam,26.86
968.1,30.7,6.16,64.9,6.78,225.9,11.67,3.8,TME 419,Loam,31.39
1207.4,26.5,4.78,66.9,6.04,73.5,10.74,7.7,Local,Clay,19.7
1349.4,25.4,5.62,67.7,5.4,106.6,9.51,7.3,TME 419,Clay,25.78
1635.3,27.5,5.24,83.4,6.8,139.8,11.34,31.2,TMS 98/0505,Sandy-Loam,26.06
1487.8,28.5,6.09,85.3,3.57,86.1,7.62,34.9,TMS 30572,Sandy,21.87
1846.0,30.4,6.7,67.9,6.28,128.6,7.89,22.5,TMS 98/0505,Clay,25.02
969.8,31.3,6.45,83.2,6.25,154.5,10.15,22.8,TME 419,Sandy-Loam,24.83
1461.7,25.9,4.34,74.3,4.86,177.6,10.43,9.2,TMS 30572,Sandy,22.46
1255.0,23.0,7.43,70.8,5.39,167.5,5.44,34.5,TME 419,Loam,23.91
1856.9,25.8,6.21,80.9,7.47,109.7,11.14,17.7,Local,Sandy-Loam,24.2
957.5,27.8,5.46,70.9,6.78,111.2,11.93,23.5,TME 419,Clay,23.65
948.1,24.1,6.11,94.7,6.62,260.9,9.81,13.9,TME 419,Loam,27.13
1020.2,24.1,6.12,52.7,6.87,177.0,15.94,12.3,Local,Loam,23.42
562.8,28.0,5.53,63.8,6.61,64.7,8.29,31.6,TMS 30572,Loam,25.38
1042.3,26.9,6.14,68.5,7.99,126.0,9.1,20.4,Local,Loam,25.51
972.3,27.1,5.57,75.3,6.65,99.9,9.01,29.5,TME 419,Loam,26.8
1245.1,24.7,5.72,85.2,4.75,111.9,9.81,17.6,Local,Loam,26.48
1302.5,26.3,5.52,69.7,8.46,46.2,9.18,6.5,TME 419,Clay,27.14
1762.9,24.2,5.0,52.9,6.94,95.3,6.48,9.2,Local,Clay,21.62
1485.1,29.7,6.1,80.1,5.79,228.7,8.63,16.0,Local,Sandy-Loam,26.58
1026.9,30.1,6.41,79.1,5.0,154.7,9.76,8.7,TME 419,Sandy,27.95
930.5,21.5,6.36,46.7,6.98,0.0,13.07,3.9,TME 419,Sandy-Loam,19.8
1347.6,24.2,6.57,70.0,6.36,193.0,15.51,27.0,TME 419,Loam,27.28
803.9,22.5,6.23,50.9,8.39,185.4,13.34,9.6,Local,Loam,23.2
1749.4,25.0,5.63,62.0,6.08,98.4,8.06,16.4,TME 419,Sandy-Loam,23.88
1553.8,26.7,6.59,59.2,5.5,163.0,8.26,18.0,TME 419,Loam,30.26
1059.2,22.7,5.05,79.7,7.57,68.4,9.6,9.1,TME 419,Sandy,22.3
686.1,24.2,5.37,71.4,7.61,91.8,14.46,29.5,TMS 30572,Sandy,20.07
1606.2,24.0,5.33,54.6,6.7,209.9,9.59,3.8,TME 419,Loam,27.68
1165.6,27.6,6.76,80.6,7.31,103.7,6.68,17.6,TME 419,Clay,24.81
1571.3,27.2,6.66,52.8,6.45,7.8,8.75,17.5,TMS 98/0505,Sandy-Loam,25.33
721.7,24.8,6.34,74.0,6.78,116.2,11.89,14.5,TMS 30572,Clay,25.53
1020.2,27.5,6.75,60.2,7.9,115.3,11.72,2.0,TMS 98/0505,Sandy-Loam,32.57
1201.6,25.4,5.38,65.6,7.25,191.9,9.5,23.7,TMS 30572,Clay,25.35
1214.1,26.2,6.24,76.1,6.3,120.9,11.71,22.4,TME 419,Sandy-Loam,29.73
1065.0,32.0,5.91,76.3,8.12,94.7,4.32,8.2,Local,Sandy,21.72
1386.9,31.0,6.59,86.0,3.66,182.7,10.26,22.1,TMS 30572,Sandy-Loam,27.88
879.7,23.1,5.92,69.0,8.96,127.2,12.15,18.7,TMS 98/0505,Loam,30.23
1157.3,29.5,5.73,73.7,4.45,75.0,7.92,2.2,TMS 30572,Sandy-Loam,28.53
1236.1,29.4,6.38,64.7,5.75,189.3,7.91,6.5,TMS 98/0505,Sandy,29.6
1354.3,23.6,6.61,72.2,6.45,131.6,5.33,26.4,TME 419,Clay,24.61
1413.5,29.5,5.53,75.3,6.32,120.2,13.97,18.1,TME 419,Clay,22.99
862.6,31.6,5.96,68.8,7.71,130.7,8.2,9.4,TMS 98/0505,Sandy-Loam,29.63
739.8,23.6,5.26,48.4,5.23,55.8,10.6,6.4,TMS 30572,Clay,24.07
1583.3,24.2,4.25,74.0,6.81,88.3,11.51,9.8,TMS 98/0505,Loam,24.09
1299.7,30.1,6.14,74.4,5.81,120.2,13.78,10.6,TMS 30572,Loam,29.65
975.5,27.8,6.43,61.8,6.85,108.3,9.62,6.5,TME 419,Loam,28.76
1665.3,28.7,6.18,54.6,6.42,196.3,8.65,0.0,TME 419,Sandy,24.78
1234.7,28.0,4.64,87.7,6.61,133.0,10.43,26.4,TMS 98/0505,Sandy,20.89
1553.8,28.2,5.75,75.9,5.84,171.3,13.21,24.7,TME 419,Sandy,22.34
1220.3,23.0,4.45,67.3,5.89,120.6,9.57,2.3,Local,Loam,21.83
1818.2,30.1,6.96,56.4,6.84,183.4,7.61,16.4,TME 419,Sandy-Loam,22.86
1726.6,30.5,5.24,60.1,7.63,143.9,6.15,6.0,TME 419,Sandy-Loam,25.51
1125.3,26.3,6.88,85.6,5.78,120.8,6.95,12.4,Local,Sandy,20.02
1491.5,26.9,6.66,71.7,5.46,119.2,12.16,11.6,TMS 30572,Sandy,25.58
1393.6,22.4,5.37,63.4,7.24,62.7,9.2,10.7,Local,Sandy,17.32
1610.6,28.5,5.21,76.1,6.46,150.4,8.48,35.0,TME 419,Loam,26.68
910.5,28.7,6.25,60.2,7.5,117.6,8.21,10.6,TMS 30572,Sandy,24.71
1405.8,26.8,5.41,88.0,5.41,89.9,10.21,6.9,TME 419,Loam,29.86
1517.5,30.4,6.07,86.2,4.36,186.4,9.4,7.4,TMS 30572,Loam,29.17
672.4,26.0,5.66,64.4,5.86,45.0,9.32,25.4,TME 419,Loam,25.19
845.0,28.7,4.75,62.5,5.58,94.7,13.37,0.0,TMS 98/0505,Loam,27.05
588.2,23.9,4.44,38.6,6.41,181.7,13.85,7.4,Local,Loam,17.62
1119.2,26.9,6.16,52.2,5.74,138.9,5.97,29.5,Local,Clay,20.78
1415.3,26.5,5.61,53.9,7.39,117.1,10.82,17.4,TMS 98/0505,Sandy-Loam,28.34
1650.7,27.7,5.61,71.6,6.15,135.1,8.06,16.9,TMS 30572,Loam,29.34
1222.2,25.9,6.49,66.1,6.68,130.8,9.38,36.3,Local,Sandy,21.12
1688.6,26.6,6.82,53.9,6.69,29.0,10.77,17.5,TMS 98/0505,Loam,26.87
786.0,29.5,5.81,66.6,6.73,99.0,9.47,7.9,TME 419,Sandy,25.6
689.0,25.7,5.76,76.1,6.47,217.0,10.58,12.2,TMS 98/0505,Loam,31.3
1183.3,22.2,6.35,76.3,7.11,80.4,11.68,3.6,TME 419,Sandy,25.79
1315.2,32.2,5.05,47.2,5.55,100.9,10.74,27.6,TME 419,Loam,25.56
1190.2,31.1,6.16,68.5,8.18,87.5,8.38,20.7,TME 419,Sandy,25.33
579.8,23.1,6.39,53.4,6.22,114.8,8.43,26.2,TME 419,Clay,20.87
1173.3,29.1,6.48,80.8,4.93,85.0,6.4,27.1,TME 419,Sandy,22.34
808.7,25.5,4.64,79.4,6.73,149.2,7.87,10.9,TME 419,Loam,25.42
1400.9,27.8,5.47,59.2,5.48,131.8,14.91,5.6,Local,Sandy,22.0
1310.0,27.9,5.39,60.8,7.3,166.4,8.02,14.5,Local,Sandy,25.34
918.0,26.3,6.07,64.5,9.15,56.9,7.02,6.3,Local,Sandy-Loam,25.85
1045.8,24.6,6.34,43.0,5.56,99.6,10.8,16.6,TMS 98/0505,Clay,24.44
882.2,24.9,7.05,74.0,6.9,106.5,9.72,26.3,TME 419,Sandy,21.92
1181.2,24.3,5.65,66.7,4.39,147.3,9.51,13.3,TMS 30572,Clay,29.12
1486.5,24.5,5.65,81.6,7.04,72.4,13.52,16.5,TMS 98/0505,Clay,26.01
904.3,26.8,6.8,56.8,5.44,174.9,11.37,14.1,TMS 30572,Loam,28.71
1351.2,24.9,6.21,62.6,5.75,191.2,8.68,23.0,TMS 98/0505,Loam,28.6
1040.9,29.0,6.89,51.9,5.18,60.7,8.94,8.3,TME 419,Sandy-Loam,28.45
962.1,31.5,6.2,57.9,7.38,90.5,8.74,0.0,Local,Sandy,22.97
1167.9,25.3,5.19,55.8,7.71,88.1,12.19,19.7,TME 419,Loam,25.65
889.4,27.7,5.07,82.0,6.53,277.9,9.23,24.9,TME 419,Loam,25.56
1033.9,28.5,4.91,61.6,5.46,94.2,5.52,19.5,TMS 98/0505,Clay,24.1
840.6,28.4,6.46,71.5,8.41,220.7,9.88,8.6,TME 419,Sandy-Loam,29.28
1789.4,27.2,6.83,65.4,5.6,44.0,6.16,3.6,Local,Sandy-Loam,23.47
1210.6,29.2,7.29,54.8,3.91,60.6,15.46,19.9,TMS 30572,Clay,22.85
990.1,28.4,6.59,68.0,7.05,78.8,7.59,16.4,TME 419,Sandy-Loam,26.93
1264.2,23.3,6.81,77.2,5.17,69.3,9.6,13.7,Local,Clay,20.38
1166.3,29.6,5.59,55.5,7.69,103.9,10.65,33.2,TME 419,Clay,24.43
1133.7,29.7,5.19,79.7,6.04,77.5,9.28,5.5,TMS 98/0505,Sandy-Loam,27.75
1384.3,24.7,6.6,59.8,7.22,70.8,9.27,32.8,TMS 30572,Sandy,23.84
1427.3,27.1,6.29,64.2,8.18,189.5,11.05,15.3,TME 419,Clay,27.67
1040.8,29.0,6.08,76.4,5.05,193.4,13.82,0.0,TME 419,Clay,26.01
1027.3,26.4,6.27,62.0,5.82,177.0,11.92,13.2,Local,Sandy-Loam,25.36
1117.5,30.2,6.23,70.5,6.41,151.4,13.7,24.6,TME 419,Sandy-Loam,26.41
509.4,34.1,6.9,66.2,8.35,125.6,7.38,11.3,TMS 30572,Sandy-Loam,23.54
745.4,24.6,6.91,71.6,5.71,90.2,10.79,0.3,TME 419,Sandy-Loam,26.21
1610.1,22.9,6.38,41.4,5.79,62.8,10.39,13.4,Local,Loam,22.71
1693.5,27.9,6.59,48.0,7.07,141.8,10.88,6.4,TMS 98/0505,Sandy,26.98
1125.3,29.2,6.36,77.4,5.81,49.6,13.44,19.9,TMS 30572,Sandy,25.1
1373.0,26.3,5.68,82.4,6.68,60.4,9.45,22.7,TMS 30572,Loam,29.61
1293.4,31.4,6.53,59.1,4.64,189.2,8.99,4.4,Local,Loam,27.4
2123.7,23.0,5.02,67.1,9.16,234.0,11.33,7.9,Local,Loam,22.19
1535.9,29.1,6.74,73.5,4.88,143.6,5.55,22.6,Local,Loam,22.04
1161.6,25.2,5.16,78.3,6.11,186.4,9.41,6.4,TMS 30572,Sandy-Loam,27.77
913.3,32.2,6.2,45.7,6.46,105.2,9.66,4.2,Local,Loam,23.07
718.1,33.0,5.41,59.4,8.8,39.7,7.7,3.2,TMS 30572,Sandy-Loam,28.05
1261.0,24.7,6.39,66.0,4.91,156.7,12.64,18.5,TMS 98/0505,Sandy-Loam,31.09
973.1,25.4,5.98,78.4,8.88,154.2,7.34,18.1,TME 419,Loam,29.88
773.3,29.6,4.88,100.0,7.41,124.3,9.66,8.2,TME 419,Loam,27.0
1006.0,25.8,6.29,67.3,7.0,105.5,10.73,15.1,TMS 30572,Clay,27.44
875.5,26.9,5.6,53.1,5.32,177.7,13.38,30.3,TMS 98/0505,Clay,25.38
1706.1,27.1,6.62,74.8,7.19,60.9,9.97,5.3,TMS 98/0505,Loam,28.41
1464.5,21.2,6.0,85.9,5.63,73.6,12.34,0.0,Local,Sandy,20.12
1197.6,27.0,6.28,71.3,8.02,59.5,11.75,19.6,Local,Loam,24.12
1644.0,24.9,5.33,59.1,5.33,125.1,10.31,13.9,TMS 30572,Sandy,24.54
1223.2,25.5,5.59,81.5,6.36,54.7,7.28,7.9,TMS 30572,Loam,28.71
941.6,31.3,5.68,78.0,5.83,78.9,6.41,21.5,Local,Loam,25.37
1656.9,23.2,6.6,57.7,5.31,77.7,10.27,23.4,TME 419,Clay,24.62
1361.7,29.4,7.17,74.6,7.39,104.4,8.64,0.0,TMS 30572,Sandy-Loam,29.34
888.8,26.2,5.44,82.0,7.14,30.8,12.3,8.5,Local,Clay,20.69
1142.9,26.2,6.75,84.2,7.95,125.2,11.86,38.2,TMS 98/0505,Sandy-Loam,29.87
937.3,29.4,4.48,69.2,4.36,194.8,9.54,20.8,Local,Clay,17.75
785.2,28.0,5.16,65.7,7.78,128.1,7.11,21.8,TMS 30572,Clay,24.91
1477.9,28.7,5.33,84.7,9.51,212.5,11.28,26.7,TMS 30572,Loam,29.32
1772.8,29.9,5.05,55.5,5.96,200.0,7.46,15.2,TME 419,Loam,25.53
780.4,26.0,4.89,75.3,8.77,166.7,8.1,23.0,TMS 30572,Sandy-Loam,25.63
1368.9,25.2,6.29,53.6,6.18,124.5,7.55,22.2,TMS 30572,Sandy-Loam,24.84
1004.8,23.7,5.85,82.8,4.85,121.4,9.65,20.4,TMS 98/0505,Loam,26.63
1053.9,24.5,6.27,66.9,6.13,165.8,12.93,11.8,TME 419,Sandy,25.6
1022.3,35.8,6.48,85.2,7.76,96.5,9.99,16.7,TMS 30572,Clay,26.23
940.8,30.7,6.19,75.9,5.49,7.0,8.89,9.1,TMS 30572,Loam,27.5
1214.6,22.9,6.46,55.3,5.78,149.5,6.19,15.1,TME 419,Sandy,22.53
950.7,23.0,5.95,87.1,7.21,52.1,11.38,3.3,TMS 98/0505,Sandy-Loam,26.53
1281.1,28.4,5.17,88.6,6.5,62.3,8.05,7.1,Local,Loam,25.13
1184.9,28.6,6.74,80.6,7.2,120.0,10.29,12.2,Local,Clay,22.71
1128.3,28.6,5.59,60.9,6.79,114.3,9.11,5.6,TME 419,Sandy-Loam,29.24
927.7,26.2,5.35,66.3,7.08,35.3,12.1,9.9,Local,Loam,23.96
1027.0,26.6,5.88,71.7,5.98,129.9,9.61,13.4,TMS 98/0505,Loam,31.16
1426.6,28.0,5.36,61.6,6.78,178.0,9.85,19.0,TMS 30572,Loam,29.1
1350.3,27.3,5.71,90.3,5.39,52.3,11.21,24.5,TME 419,Loam,27.5
906.7,20.3,6.24,71.7,8.05,196.3,15.27,10.4,TMS 30572,Clay,23.93
1229.8,26.3,6.24,37.6,5.74,26.4,12.22,28.4,TME 419,Loam,24.14
1425.4,24.4,5.37,74.1,7.85,247.0,9.78,24.4,TME 419,Sandy,23.39
699.2,27.5,5.66,65.8,6.22,95.3,10.01,20.0,Local,Sandy,16.78
1363.0,36.0,6.75,69.1,6.74,128.7,8.69,16.5,TME 419,Loam,25.58
1001.2,28.1,6.35,65.6,5.91,6.5,7.63,18.2,Local,Loam,24.33
1371.2,26.1,7.45,79.7,5.28,116.3,8.62,26.9,TMS 30572,Clay,24.69
971.0,29.8,6.83,83.4,4.41,133.7,8.07,27.2,TME 419,Loam,26.91
658.5,28.4,6.8,73.4,5.23,114.8,11.63,28.3,TME 419,Sandy,21.29
711.7,28.3,5.03,65.9,6.11,86.2,7.32,15.4,TME 419,Loam,26.52
1214.4,28.8,6.53,69.5,6.75,63.2,13.33,20.5,Local,Sandy-Loam,23.15
1277.9,33.2,5.96,70.2,7.71,187.8,11.88,28.4,TMS 98/0505,Sandy,27.68
928.7,23.6,5.61,60.4,5.97,121.8,10.05,8.8,Local,Clay,20.37
1391.6,28.4,6.12,76.9,5.44,212.4,10.0,11.8,TMS 98/0505,Loam,30.48
701.5,24.2,6.66,75.5,4.77,88.4,8.61,15.2,TME 419,Clay,22.6
1180.2,28.7,6.35,88.5,7.08,93.9,10.68,24.0,TMS 30572,Sandy,23.74
836.7,24.2,5.39,85.1,8.16,168.9,12.72,24.2,TME 419,Sandy-Loam,24.38
1004.4,25.7,6.52,61.8,8.02,22.6,8.24,12.7,TMS 98/0505,Clay,26.77
1214.2,26.1,5.55,79.8,7.35,47.2,6.17,0.0,Local,Sandy-Loam,23.17
941.9,29.9,6.15,58.6,7.27,185.8,11.76,17.5,TME 419,Sandy,20.32
1084.6,29.8,5.79,78.4,8.54,49.7,10.81,5.8,TMS 98/0505,Clay,29.89
1501.9,23.3,5.85,63.8,6.9,10.9,7.2,0.1,TMS 98/0505,Clay,23.59
1026.9,27.2,6.54,57.7,7.28,232.1,8.17,2.4,TME 419,Loam,31.16
1450.7,24.9,5.27,73.4,6.12,36.4,7.85,18.3,TMS 98/0505,Loam,27.57
861.1,23.2,7.36,37.9,4.87,131.0,8.19,28.6,TMS 30572,Clay,23.39
1358.9,26.3,4.73,49.0,5.68,124.1,9.19,15.4,Local,Sandy,19.42
1632.5,26.1,5.58,67.9,6.49,0.0,9.33,17.1,TME 419,Clay,20.64
458.5,34.3,6.26,71.0,6.57,104.0,8.37,26.8,TME 419,Sandy,19.14
960.9,28.3,6.41,65.6,8.81,146.9,8.1,0.0,TME 419,Sandy,29.29
1373.1,22.9,5.93,51.0,6.6,141.3,9.43,20.2,TMS 30572,Clay,23.5
1139.1,25.3,5.96,60.2,7.91,174.2,10.42,14.9,TME 419,Sandy,26.28
1311.3,30.1,6.29,74.7,5.98,96.8,9.21,20.7,Local,Sandy-Loam,23.84
1018.8,33.3,5.84,77.0,6.13,162.8,12.9,10.2,TMS 98/0505,Sandy-Loam,27.84
1226.0,22.2,6.98,69.8,4.91,78.6,11.27,6.8,Local,Clay,21.13
1153.3,21.4,6.59,83.9,5.61,35.4,6.02,16.4,TMS 98/0505,Sandy-Loam,25.46
1550.3,32.6,6.61,74.8,7.13,42.1,11.31,31.5,TMS 98/0505,Sandy-Loam,26.95
1276.3,28.2,5.32,61.0,6.51,32.3,11.51,23.6,TMS 98/0505,Loam,27.91
1301.3,24.4,5.94,66.6,7.63,180.6,8.91,9.9,TMS 30572,Sandy-Loam,30.04
1076.4,28.6,5.79,53.2,6.72,29.1,6.26,1.6,Local,Sandy,20.88
1053.7,19.1,5.3,68.7,6.08,136.4,10.02,0.0,TME 419,Loam,24.42
1070.2,27.0,6.25,83.3,9.08,104.0,9.98,28.2,Local,Loam,25.32
1318.3,28.0,5.62,78.2,6.39,113.8,7.2,5.4,Local,Clay,22.42
1073.7,29.8,6.46,86.8,7.9,201.8,6.37,11.7,TMS 30572,Sandy,25.62
1286.9,24.0,5.25,66.4,6.02,93.7,9.78,28.2,Local,Loam,21.95
1822.6,27.3,7.2,86.2,7.35,156.7,9.42,0.0,TMS 98/0505,Clay,27.32
1461.3,24.2,5.37,67.7,7.61,122.3,8.96,29.9,TMS 98/0505,Loam,28.31
1102.2,27.8,6.15,87.7,6.75,110.9,9.79,12.5,TME 419,Clay,28.12
1560.4,24.3,6.55,69.7,3.67,258.0,7.24,3.5,TME 419,Clay,25.62
1077.6,25.8,5.6,78.5,6.52,33.5,8.91,12.5,TME 419,Sandy,24.34
588.6,24.0,6.6,87.7,7.98,197.3,11.33,7.8,TMS 98/0505,Sandy,25.86
897.6,29.0,5.14,67.7,7.13,159.4,9.13,19.4,TMS 30572,Clay,24.59
638.8,29.6,7.02,72.6,7.04,91.2,5.82,8.5,Local,Loam,22.84
1094.5,26.3,6.01,85.5,4.43,217.8,8.82,0.0,TME 419,Sandy,27.92
1205.5,27.1,5.58,68.4,5.64,9.1,7.32,12.8,TME 419,Loam,26.44
1702.9,22.7,5.79,54.1,6.99,88.7,10.67,1.4,TMS 98/0505,Loam,29.49
1298.1,26.1,6.57,95.7,6.99,47.5,10.8,17.0,Local,Sandy,19.92
1134.3,26.8,5.59,64.4,7.96,144.7,5.85,3.1,Local,Loam,28.46
1448.8,34.9,5.48,71.9,6.33,53.2,11.9,10.1,TMS 98/0505,Clay,23.92
536.7,23.7,5.84,83.9,6.99,146.0,7.22,16.8,TMS 98/0505,Loam,25.14
1270.7,31.4,5.18,62.7,6.52,108.8,13.9,12.9,TMS 98/0505,Sandy-Loam,28.19
1431.3,30.0,7.27,57.9,5.32,91.2,9.88,17.5,TME 419,Sandy,22.79
756.4,27.8,5.6,73.0,3.79,143.3,6.88,21.8,TMS 30572,Loam,26.47
1543.1,32.3,6.58,48.5,7.02,103.9,7.15,3.4,TME 419,Clay,24.75
1301.5,28.1,6.15,66.5,6.71,54.7,10.87,14.4,Local,Clay,25.29
1075.4,28.2,5.31,72.9,5.76,288.1,9.02,0.0,TME 419,Clay,27.85
1389.8,26.8,6.0,66.8,4.56,90.8,9.76,17.5,Local,Clay,23.01
1881.2,30.7,6.55,51.5,7.26,0.0,14.03,12.0,TME 419,Clay,20.11
1254.6,30.3,5.87,89.1,6.18,69.5,8.25,5.2,TMS 98/0505,Sandy,27.31
1274.5,25.1,6.84,71.2,7.17,44.0,10.15,18.2,TME 419,Clay,26.9
1062.2,23.0,6.72,87.2,8.74,169.6,13.55,26.7,TMS 98/0505,Clay,25.63
945.0,26.4,6.64,66.9,3.93,139.3,10.68,10.2,Local,Sandy-Loam,21.89
1449.1,24.6,5.68,59.4,5.66,143.9,5.98,5.6,TME 419,Clay,26.71
943.2,26.8,5.24,73.2,6.25,97.8,11.26,16.7,TMS 30572,Clay,25.99
1221.5,30.7,5.57,67.4,8.25,103.2,7.09,1.6,TMS 30572,Loam,30.39
1056.7,25.6,6.14,55.9,4.54,97.7,13.52,8.4,TME 419,Sandy-Loam,27.39
1343.7,26.9,6.38,87.6,8.82,115.1,7.94,27.2,TMS 98/0505,Sandy-Loam,28.76
1300.1,27.2,4.48,62.5,6.66,170.1,17.42,15.6,Local,Clay,16.5
1511.3,29.5,5.99,47.9,6.38,140.2,13.67,0.0,TMS 98/0505,Clay,27.85
1047.0,20.3,6.11,85.9,6.26,150.0,8.01,0.0,Local,Sandy,19.53
1119.0,25.2,5.81,63.9,5.98,150.0,10.05,16.6,TMS 98/0505,Clay,29.13
906.4,27.6,6.9,62.7,7.76,173.1,11.88,23.6,TME 419,Clay,23.53
1066.7,30.6,6.3,48.8,5.22,137.3,11.96,0.0,TMS 30572,Clay,30.25
1313.2,25.5,6.92,90.9,6.91,141.5,11.11,19.5,TMS 30572,Sandy,26.4
1427.1,21.4,5.85,54.5,6.04,191.3,13.13,28.3,Local,Clay,17.07
923.4,28.9,6.66,70.7,5.59,80.1,9.69,33.9,TMS 98/0505,Loam,27.69
1460.9,25.1,7.14,81.0,9.6,68.7,9.08,18.3,Local,Clay,21.57
1606.7,23.4,6.92,75.1,7.0,48.8,9.13,20.1,Local,Sandy,19.79
1324.0,25.1,5.24,69.3,7.24,131.0,12.15,0.0,TMS 30572,Clay,25.9
1763.0,26.4,5.82,49.6,7.87,8.8,10.91,36.0,Local,Loam,20.62
967.9,25.2,5.76,60.3,4.79,147.7,10.73,9.2,Local,Sandy,21.15
826.6,20.4,6.34,72.3,8.6,113.4,11.99,5.7,TME 419,Clay,23.4
666.4,29.7,6.48,60.6,3.49,188.1,4.87,12.4,TMS 30572,Sandy,21.92
1648.8,30.8,5.41,72.4,5.58,79.7,10.78,30.1,Local,Clay,21.06
1396.3,29.0,6.05,78.2,5.95,107.8,10.55,37.1,TME 419,Sandy-Loam,24.19
1183.3,23.6,4.59,81.6,7.2,187.3,14.17,16.3,TMS 30572,Sandy-Loam,24.54
1284.0,26.4,7.01,55.3,6.76,203.0,6.18,25.0,TMS 98/0505,Sandy,26.08
862.4,27.0,5.64,96.4,6.3,79.2,13.89,15.4,TMS 98/0505,Sandy-Loam,26.77
1933.7,28.8,6.04,79.2,6.49,130.9,10.19,4.6,TMS 30572,Loam,29.54
1238.8,29.0,5.78,70.0,5.33,137.7,11.22,29.8,TMS 30572,Sandy-Loam,28.94
1232.8,24.8,6.8,83.1,4.7,142.4,14.19,8.8,TME 419,Clay,24.24
1417.7,27.2,4.01,98.4,7.37,104.2,11.4,30.4,Local,Sandy,12.73
1344.3,28.4,5.99,52.7,7.33,196.9,11.0,28.0,TMS 30572,Loam,28.59
1267.2,31.4,5.93,67.3,8.4,6.6,10.61,21.1,TMS 98/0505,Loam,29.4
962.9,29.1,5.68,41.5,5.55,94.7,8.79,33.3,TMS 30572,Clay,25.25
1341.4,29.4,7.21,72.3,7.33,146.9,9.93,37.3,Local,Loam,21.26
1764.6,27.3,5.38,74.4,6.16,147.4,8.21,13.2,TME 419,Clay,26.53
1603.6,31.2,6.54,69.5,7.93,201.2,9.89,6.9,TMS 30572,Clay,29.27
1678.0,28.2,6.25,62.1,7.73,191.9,4.16,0.0,TMS 30572,Sandy-Loam,30.81
1046.6,24.4,6.88,45.4,6.75,102.9,11.07,37.4,TMS 30572,Sandy-Loam,25.28
903.1,31.2,5.53,74.5,6.09,198.0,9.7,10.6,TME 419,Loam,28.37
1162.3,29.1,5.49,87.5,7.65,77.2,9.16,26.4,Local,Clay,22.99
1216.7,25.7,6.77,62.9,7.28,175.9,10.55,7.6,TMS 98/0505,Sandy-Loam,31.18
1528.3,25.6,6.3,75.3,5.68,228.6,6.42,30.4,TMS 30572,Sandy-Loam,30.12
692.3,27.9,4.92,51.2,4.91,192.9,14.82,8.0,Local,Sandy,18.58
1658.9,28.4,5.62,75.5,6.15,126.3,9.74,3.1,TME 419,Loam,29.63
1152.6,27.6,6.27,65.3,8.32,100.1,9.64,12.9,TMS 98/0505,Loam,29.88
1071.9,27.9,6.59,60.9,7.88,28.3,7.59,9.7,TMS 98/0505,Loam,28.93
896.4,32.1,5.52,60.9,5.17,138.6,10.06,21.0,TME 419,Sandy,21.05
703.5,30.2,3.96,65.3,5.1,53.1,13.47,14.5,Local,Loam,14.78
1447.0,27.6,6.37,74.6,8.03,72.4,12.59,21.3,Local,Clay,23.8
1222.0,29.8,5.15,54.3,5.14,48.6,12.14,12.1,Local,Loam,22.52
813.0,23.9,4.59,65.2,7.11,92.4,11.37,8.3,TMS 30572,Clay,23.69
811.5,28.2,4.02,69.5,5.76,118.3,9.1,9.2,TME 419,Sandy,18.56
1099.3,32.4,6.57,56.8,8.44,136.4,6.37,35.4,TMS 30572,Sandy-Loam,25.43
1700.7,26.3,6.09,91.6,5.58,84.0,9.5,17.3,TMS 30572,Sandy-Loam,27.49
1122.1,24.5,5.84,59.8,7.87,184.2,9.41,0.0,Local,Clay,24.95
749.1,25.0,6.97,62.0,6.72,107.5,12.62,9.8,Local,Sandy-Loam,22.55
1126.3,23.7,6.45,58.3,6.8,72.7,10.77,16.0,TME 419,Sandy,24.37
1118.2,24.6,7.13,91.6,4.14,133.6,14.03,33.5,Local,Clay,17.36
390.9,25.9,5.03,76.6,3.86,237.8,12.99,25.3,Local,Sandy,14.95
1183.7,22.8,5.98,58.8,6.24,140.1,8.86,5.8,TMS 30572,Loam,32.15
1130.7,27.0,4.87,83.3,6.8,98.2,5.51,39.2,TMS 30572,Loam,25.94
1408.9,29.7,5.84,72.4,5.15,28.4,13.46,14.7,TMS 30572,Loam,25.7
1754.7,24.3,5.83,73.1,5.19,106.8,13.4,27.5,TMS 30572,Loam,23.39
1538.0,31.6,6.44,65.9,7.17,134.1,6.58,3.4,TMS 30572,Clay,27.47
1119.3,28.5,6.03,61.0,7.18,96.7,13.77,0.0,TMS 30572,Loam,31.52
868.0,30.1,6.44,74.1,6.33,20.1,10.96,0.9,Local,Sandy-Loam,22.8
1972.0,25.0,6.49,63.5,7.44,69.0,10.4,0.0,TMS 98/0505,Clay,28.35
1217.8,29.6,7.51,91.8,5.09,207.3,14.04,36.1,Local,Sandy,17.17
1204.2,23.7,5.78,54.8,6.07,206.0,13.36,17.1,Local,Loam,23.8
1192.8,29.7,5.34,88.4,8.48,66.8,11.63,5.8,Local,Sandy-Loam,25.24
1259.4,27.5,6.17,68.7,6.58,160.4,11.18,19.5,TMS 98/0505,Loam,30.16
1156.7,28.7,5.44,73.6,6.65,49.3,11.54,16.9,TMS 98/0505,Loam,28.7
1027.9,23.5,7.04,80.0,9.27,204.3,9.0,21.2,TMS 30572,Clay,27.0
1035.9,24.3,5.8,62.4,4.82,134.7,9.86,27.1,TMS 30572,Loam,27.49
1190.2,28.8,5.6,80.4,7.46,177.0,7.74,12.1,TME 419,Loam,32.01
1037.0,24.2,5.67,37.5,8.5,17.1,9.17,6.2,TMS 98/0505,Loam,28.53
986.1,28.4,6.5,61.4,6.11,160.7,9.08,23.3,TMS 30572,Sandy,26.28
1231.9,22.9,5.89,58.9,7.53,119.5,8.41,23.0,TMS 98/0505,Loam,28.79
1123.5,29.5,5.55,55.0,5.32,171.1,10.34,16.0,TME 419,Sandy,25.76
1651.2,23.3,7.17,67.4,5.68,174.9,9.19,36.8,TME 419,Loam,24.4
404.7,28.7,5.4,74.6,6.96,123.9,11.26,10.6,TMS 98/0505,Loam,27.69
1527.5,28.9,6.02,78.4,7.46,84.0,5.94,6.0,Local,Sandy-Loam,23.44
1573.8,24.9,6.46,72.9,7.85,166.8,9.72,19.2,TMS 98/0505,Loam,31.9
578.0,28.7,4.86,62.0,8.38,116.4,10.33,8.3,TME 419,Clay,23.51
1097.2,27.8,6.34,74.4,6.42,67.6,9.22,20.0,TMS 98/0505,Sandy,28.99
1088.6,25.4,5.26,71.5,7.93,64.8,9.57,6.7,TME 419,Sandy,27.86
777.7,24.0,6.58,81.2,6.09,31.4,6.04,11.0,TMS 30572,Sandy-Loam,26.33
966.7,21.1,5.33,79.3,7.58,89.4,10.89,33.9,TME 419,Clay,21.68
866.8,28.0,6.48,70.4,6.75,186.2,11.62,10.9,TMS 30572,Sandy,25.3
1725.7,22.3,6.77,59.2,7.03,130.7,11.23,7.0,TME 419,Loam,28.43
1480.7,27.3,6.6,62.2,7.01,88.2,12.6,26.7,TMS 98/0505,Loam,29.36
1581.5,26.2,6.18,63.4,4.57,168.3,10.5,4.5,TMS 30572,Sandy-Loam,29.89
1416.5,29.0,5.84,66.2,5.15,70.1,11.2,8.1,Local,Sandy,24.02
861.3,26.1,5.6,73.2,6.62,125.7,10.39,20.8,TMS 98/0505,Loam,28.1
1042.6,26.0,7.03,78.6,4.48,109.2,11.72,24.4,Local,Clay,19.27
1346.8,29.2,5.51,69.4,7.5,166.7,6.06,27.2,TME 419,Sandy-Loam,26.27
833.4,28.0,5.27,70.2,7.55,25.4,7.77,7.5,Local,Sandy-Loam,23.24
1413.9,27.9,6.47,71.7,6.89,69.0,13.97,21.0,TMS 98/0505,Loam,29.98
1127.9,28.4,5.44,63.8,5.15,21.7,4.0,10.3,Local,Clay,17.94
1087.6,22.4,5.33,58.9,8.16,104.4,9.65,8.9,Local,Clay,22.24
1413.3,29.3,4.99,48.9,8.94,192.7,12.93,27.0,TMS 98/0505,Clay,23.68
1333.3,28.8,5.66,61.7,6.68,89.7,9.77,9.5,TMS 30572,Sandy-Loam,27.74
1091.7,23.9,5.94,75.7,7.11,89.4,8.99,17.8,Local,Sandy-Loam,23.47
1547.8,26.3,6.17,61.6,6.74,172.3,10.32,16.6,TMS 30572,Sandy,25.72
875.7,26.9,6.67,67.1,7.14,184.1,9.12,4.3,TMS 98/0505,Sandy,28.94
1384.8,26.6,6.37,75.6,6.36,114.7,10.08,24.7,Local,Clay,22.91
1377.9,28.0,5.87,76.2,6.46,161.1,8.29,20.6,TMS 30572,Loam,32.02
1107.1,31.3,5.86,57.0,7.59,55.4,12.77,0.0,TME 419,Sandy,24.98
1297.8,30.2,6.36,82.0,9.31,202.7,13.56,17.8,TMS 30572,Loam,30.22
824.7,23.1,6.89,83.5,4.82,248.9,9.67,7.3,TME 419,Sandy-Loam,27.98
1477.2,28.9,6.09,56.4,6.38,151.3,6.53,26.0,TMS 30572,Sandy,24.77
1144.5,31.0,5.67,60.1,5.08,0.0,8.69,0.5,Local,Clay,20.63
1043.2,28.2,5.3,84.3,8.41,86.5,9.54,11.4,TMS 30572,Sandy,26.46
1514.7,30.3,4.99,68.2,5.79,156.8,11.26,18.6,Local,Sandy,16.47
988.7,33.0,6.47,43.4,4.77,94.7,7.48,15.5,TME 419,Loam,27.13
777.5,30.1,6.4,53.2,7.27,196.3,8.08,22.6,Local,Sandy,21.73
733.0,27.7,6.4,67.0,8.59,155.3,11.28,0.0,TMS 30572,Sandy-Loam,31.06
1381.8,30.1,5.91,56.0,7.3,77.6,12.35,31.5,TME 419,Sandy-Loam,23.56
815.9,27.4,6.98,65.0,6.75,121.9,8.45,20.3,TME 419,Clay,23.76
1726.4,27.1,5.66,70.4,6.99,66.4,6.67,28.6,TME 419,Sandy,22.05
575.4,25.9,6.67,87.5,8.2,109.0,18.21,23.7,TMS 30572,Loam,22.71
1708.9,31.7,5.97,66.5,5.45,86.7,11.96,14.9,TME 419,Sandy,26.04
1263.3,24.5,5.57,82.9,6.37,190.5,9.33,2.2,TMS 30572,Loam,30.37
1171.0,31.6,6.41,87.1,5.96,247.0,12.17,9.4,Local,Loam,25.77
1036.5,28.5,6.29,87.2,5.1,34.1,9.69,30.9,Local,Clay,21.01
1319.7,22.8,6.25,73.4,6.11,4.6,12.17,28.9,TME 419,Sandy,21.22
1188.7,28.1,6.06,46.4,7.83,105.3,10.4,8.8,TMS 98/0505,Loam,26.51
1531.0,20.7,5.97,75.5,7.18,28.9,10.23,0.0,Local,Sandy-Loam,21.41
1234.3,28.9,7.67,82.6,7.27,122.8,9.72,12.9,Local,Loam,21.28
1245.1,29.7,6.83,69.0,6.68,164.9,6.38,12.1,Local,Sandy-Loam,24.72
1090.9,25.2,6.51,90.9,7.13,209.6,14.85,12.5,TMS 30572,Sandy-Loam,27.62
1182.9,27.4,6.08,80.3,5.54,132.1,7.65,20.3,TME 419,Loam,28.56
1292.3,32.9,6.71,76.8,6.13,108.4,6.6,23.8,TMS 30572,Loam,24.51
686.9,25.5,6.36,83.0,6.73,1.3,9.47,24.9,Local,Clay,16.93
795.5,23.8,6.02,74.0,6.83,121.6,7.6,19.5,Local,Sandy,21.54
1423.0,31.4,5.79,40.1,6.88,124.3,9.87,0.0,TME 419,Loam,30.48
1251.3,32.9,5.94,64.0,6.33,158.3,11.72,11.6,TMS 30572,Clay,27.59
1144.8,27.0,3.78,84.4,6.05,77.5,12.49,38.0,TMS 30572,Loam,16.83
1205.5,30.0,6.15,60.3,10.29,93.9,12.04,18.7,Local,Sandy,24.13
1304.3,31.0,5.66,67.3,7.59,31.3,9.24,18.7,TMS 98/0505,Clay,27.36
1038.1,24.8,7.11,57.5,7.0,0.0,10.12,18.6,TME 419,Clay,20.07
966.5,25.5,6.01,91.4,6.22,53.5,11.02,19.2,TMS 30572,Sandy,21.85
1258.8,30.7,5.17,90.2,5.96,25.8,5.61,0.0,TME 419,Loam,27.3
906.5,32.1,5.97,59.4,6.34,140.2,11.43,12.6,Local,Sandy,20.18
1322.5,28.7,5.27,71.8,6.85,88.9,6.36,14.6,TMS 30572,Loam,28.58
689.2,24.4,6.33,61.8,4.24,87.7,15.1,27.8,TMS 30572,Clay,22.2
1508.7,33.0,6.2,77.4,4.62,60.9,8.99,15.5,TME 419,Clay,26.4
1341.8,25.4,6.67,76.1,5.74,0.0,9.54,0.0,TME 419,Clay,22.87
1276.8,26.0,5.45,79.7,6.75,210.5,8.08,19.3,Local,Sandy,21.51
1494.8,28.0,6.02,74.0,6.21,60.0,8.43,7.0,TMS 30572,Sandy,28.44
1699.6,31.7,5.04,100.0,8.27,95.3,15.69,2.8,TME 419,Sandy,20.89
1504.3,29.6,6.49,57.7,4.72,32.7,12.35,6.7,TMS 30572,Loam,29.28
647.7,28.2,6.36,49.5,5.6,178.3,6.13,20.4,Local,Sandy,18.74
816.1,28.4,6.35,65.3,8.32,128.6,13.76,27.6,Local,Loam,22.58
1012.6,27.1,6.0,51.2,6.66,70.4,12.98,19.8,Local,Sandy,20.25
1207.8,28.7,6.29,52.1,7.56,96.5,9.3,21.3,Local,Clay,23.41
1355.3,19.4,7.12,58.0,8.96,220.7,10.77,19.7,TME 419,Clay,24.4
982.3,26.1,5.8,58.9,5.67,115.6,9.96,16.0,Local,Loam,26.51
1256.0,27.7,6.1,58.5,6.38,109.1,14.93,22.0,TMS 30572,Sandy,24.16
973.4,23.5,5.24,76.2,6.17,63.5,8.01,0.0,Local,Sandy-Loam,21.32
1016.5,28.2,5.39,63.9,4.15,6.3,10.37,16.1,TMS 30572,Sandy-Loam,24.09
778.0,26.4,6.07,67.8,6.13,110.4,8.93,4.6,TME 419,Sandy,23.82
923.0,32.3,6.77,80.7,7.56,139.5,6.42,26.6,TMS 98/0505,Clay,25.16
794.5,31.7,5.82,60.8,7.15,186.0,15.48,13.5,TMS 98/0505,Sandy-Loam,26.67
907.2,25.6,5.83,66.8,7.24,0.0,7.05,15.3,TMS 98/0505,Loam,26.28
1516.1,26.5,5.72,74.4,6.05,52.5,10.55,0.0,TMS 30572,Loam,27.07
915.2,26.8,5.63,46.7,5.71,85.2,5.65,25.2,TME 419,Loam,24.26
1989.7,25.6,6.21,41.4,8.02,119.8,9.0,21.3,TMS 30572,Loam,25.79
1348.0,27.6,4.95,74.2,5.9,111.3,11.05,20.6,TMS 98/0505,Loam,29.51
1255.5,24.7,6.9,75.9,6.85,112.7,7.94,6.9,Local,Sandy-Loam,22.83
942.5,23.6,5.53,94.8,6.7,144.5,11.47,7.3,TME 419,Clay,25.52
1410.1,28.9,6.51,71.9,8.25,65.8,9.33,17.2,Local,Sandy,21.95
1027.3,28.9,5.11,79.8,7.67,176.0,12.9,8.1,TME 419,Loam,29.61
1236.6,24.6,6.47,67.7,4.95,146.0,13.4,19.3,TME 419,Clay,25.86
1968.0,29.7,6.47,73.6,5.07,100.8,8.53,0.0,TME 419,Sandy,24.69
1171.2,25.1,6.27,90.0,7.19,216.1,10.19,10.1,TME 419,Loam,29.22
1544.8,27.8,5.3,44.5,6.42,213.4,10.46,33.0,TMS 98/0505,Sandy-Loam,24.22
989.0,29.5,6.17,75.0,5.95,176.0,11.55,19.4,TME 419,Loam,29.1
1189.5,26.9,5.17,95.6,7.72,0.0,10.04,16.7,TMS 30572,Sandy,21.2
1731.2,28.4,5.82,73.4,6.72,214.7,10.48,34.9,TME 419,Sandy,22.04
1011.9,25.5,6.72,89.8,6.56,167.7,9.39,0.0,TME 419,Loam,28.15
1743.7,26.4,6.56,62.4,7.44,240.4,10.29,6.8,TME 419,Loam,30.16
1412.3,26.4,6.01,69.6,6.05,194.2,13.24,11.0,Local,Loam,26.33
1031.3,24.8,5.32,70.4,8.38,214.7,11.62,23.6,TME 419,Clay,24.04
1389.7,26.5,6.45,43.4,5.55,172.7,11.75,23.8,TME 419,Sandy,23.15
1491.8,22.4,6.01,56.0,7.29,200.9,11.81,6.3,TME 419,Sandy,22.71
1386.5,25.5,4.38,56.8,8.22,239.6,9.62,25.0,TMS 30572,Loam,26.69
728.9,26.1,6.55,79.9,4.85,133.0,10.8,11.0,TME 419,Sandy,22.58
981.9,26.2,5.98,80.5,6.09,25.7,7.29,27.1,TME 419,Sandy-Loam,25.78
1125.7,26.3,6.84,73.9,7.87,101.6,13.17,4.7,TMS 30572,Sandy,26.42
1177.7,26.8,5.23,79.9,7.89,143.4,4.0,13.8,Local,Clay,22.56
1386.2,28.4,3.78,68.0,6.29,124.5,9.78,10.1,Local,Loam,16.49
1253.3,29.6,6.2,84.4,5.62,45.2,12.85,25.6,Local,Loam,23.52
799.4,25.1,6.2,70.1,7.65,22.1,6.59,9.8,Local,Clay,18.59
1314.1,23.4,4.82,70.7,7.92,75.5,11.0,14.6,Local,Loam,19.59
1383.2,23.9,5.32,66.8,5.1,168.5,8.3,20.1,Local,Clay,21.55
1367.9,25.5,7.93,78.2,5.06,214.8,9.08,20.5,Local,Loam,18.54
1524.2,25.9,5.79,64.9,6.77,175.0,12.36,23.9,TMS 30572,Loam,28.62
1450.2,24.7,6.51,81.7,7.26,183.4,10.5,17.1,Local,Clay,24.47
1337.8,23.1,5.54,56.4,6.14,115.2,4.91,10.8,TME 419,Clay,24.7
1179.0,25.6,4.54,56.8,7.32,15.5,7.56,11.5,TMS 98/0505,Clay,21.28
701.7,27.5,5.88,78.2,5.65,92.7,12.44,15.3,TMS 30572,Clay,23.29
1328.9,28.8,5.81,68.9,3.96,104.5,11.12,17.5,TME 419,Sandy-Loam,27.78
1262.3,25.3,5.72,64.6,5.99,90.2,14.37,13.5,TMS 98/0505,Loam,30.74
1281.5,25.8,5.92,80.7,6.58,123.3,14.21,15.2,TME 419,Loam,27.45
817.0,24.2,6.18,62.7,6.17,146.5,9.14,0.0,Local,Sandy,20.95
875.7,26.9,5.89,67.6,5.11,171.2,16.26,21.7,TMS 98/0505,Loam,26.81
1515.9,24.5,5.12,86.8,4.32,103.3,10.06,16.8,TMS 98/0505,Loam,28.14
1188.1,28.7,6.34,88.5,5.88,5.8,7.59,25.0,TME 419,Sandy-Loam,25.99
1404.5,21.6,4.64,88.9,7.58,91.0,8.42,15.0,TMS 30572,Loam,22.66
1208.5,25.9,4.56,66.6,8.01,122.6,4.36,0.0,TMS 30572,Clay,21.56
1208.9,27.9,6.52,84.8,7.93,193.4,14.02,11.4,Local,Sandy,25.65
1481.5,27.6,6.35,58.6,5.52,85.9,13.99,13.0,Local,Loam,24.13
1045.2,35.1,5.96,59.1,5.12,150.8,7.46,22.4,TME 419,Sandy-Loam,24.63
1228.8,28.0,5.02,41.8,7.1,137.4,9.43,0.0,TMS 98/0505,Sandy,24.83
1061.3,24.0,5.5,90.1,7.26,122.6,10.24,15.4,Local,Sandy,21.4
1069.7,26.7,5.82,59.6,6.98,175.8,7.6,20.1,TMS 30572,Loam,30.52
1107.2,21.7,4.88,68.5,4.08,80.3,5.61,8.4,Local,Clay,17.64
1266.6,26.8,5.48,59.1,5.46,85.5,9.47,15.7,TME 419,Loam,30.01
1056.4,24.5,6.46,78.3,6.46,119.3,9.2,8.7,TMS 30572,Loam,29.33
1576.7,29.7,7.0,65.5,7.08,81.6,9.03,7.7,TMS 30572,Clay,26.28
931.6,25.4,5.71,54.3,7.42,150.5,10.56,10.9,Local,Loam,25.42
1143.9,26.6,6.53,75.3,6.67,77.2,13.57,7.9,TME 419,Clay,26.91
1068.1,25.1,4.66,52.8,6.9,133.6,9.24,21.8,TME 419,Sandy,21.26
1634.1,32.2,6.46,60.0,6.6,114.0,10.43,7.7,Local,Loam,23.27
1259.0,26.0,5.44,44.7,7.32,132.9,11.82,6.0,Local,Clay,22.78
1509.6,32.5,6.22,52.9,6.88,92.4,11.39,32.7,TMS 30572,Sandy-Loam,25.42
754.3,29.4,5.83,72.1,6.58,99.7,8.46,24.6,TME 419,Clay,23.77
1280.1,28.4,6.92,46.4,6.18,125.8,10.24,0.0,Local,Clay,23.05
1466.9,28.1,5.39,52.2,6.6,132.1,11.37,7.4,TME 419,Loam,27.27
1224.7,28.2,6.44,70.0,7.08,119.7,7.18,17.4,TMS 98/0505,Sandy,25.53
1519.6,21.2,5.8,63.5,6.82,222.3,13.16,18.2,Local,Sandy,16.18
1044.8,26.2,5.89,93.9,6.96,60.6,13.58,0.1,TMS 30572,Sandy-Loam,30.65
1622.8,29.5,5.87,92.0,8.11,116.1,8.19,26.6,Local,Sandy-Loam,24.13
1889.7,26.9,5.41,59.6,6.82,25.6,10.48,23.3,Local,Sandy-Loam,20.31
1091.1,22.8,5.99,76.7,5.72,142.3,11.61,19.8,Local,Sandy,19.5
1066.3,26.8,5.96,79.0,7.56,53.1,8.64,28.6,TME 419,Loam,23.85
1636.0,32.1,6.17,62.8,4.86,103.3,11.2,19.5,TMS 30572,Clay,24.3
1673.9,30.7,6.06,52.1,5.2,97.7,10.41,19.5,Local,Clay,22.01
1043.1,26.8,6.56,69.9,6.9,136.9,6.33,30.6,TMS 30572,Clay,26.75
1073.9,29.9,6.65,67.9,7.12,86.8,11.15,26.0,TME 419,Clay,26.12
1115.5,25.9,5.26,64.8,5.01,84.3,7.25,6.6,Local,Loam,24.02
796.7,21.9,6.61,75.3,6.04,206.2,12.35,21.3,TME 419,Sandy,24.19
924.4,24.2,5.17,61.0,5.77,137.1,8.32,8.4,TMS 30572,Sandy,23.54
898.8,31.7,6.41,56.2,5.92,86.3,9.6,20.0,TMS 30572,Sandy,25.51
969.7,26.2,6.43,71.3,7.63,104.9,13.43,19.8,TMS 30572,Loam,28.32
1189.6,26.3,4.66,74.6,7.35,218.7,11.24,1.2,TME 419,Sandy,23.0
1270.3,26.1,6.07,55.9,6.48,105.9,7.3,13.8,TMS 30572,Loam,27.96
1665.2,32.7,5.67,81.1,5.84,78.6,7.46,17.7,Local,Clay,18.97
900.5,31.9,5.47,48.8,4.88,78.9,8.5,10.6,TMS 30572,Sandy-Loam,26.54
1495.3,33.7,6.95,63.1,8.2,87.1,10.99,18.1,TMS 98/0505,Sandy-Loam,26.28
1135.8,26.5,5.54,66.9,7.21,84.3,10.9,23.1,Local,Loam,23.0
1185.2,27.9,5.44,62.4,5.65,43.2,7.89,14.7,TME 419,Sandy,24.53
1402.4,22.5,6.05,63.2,7.36,52.5,7.08,17.2,TMS 30572,Sandy,24.34
863.2,31.4,6.48,92.5,6.42,70.2,10.7,28.8,TMS 30572,Sandy-Loam,27.08
1314.7,23.5,5.9,59.8,6.16,155.5,9.55,19.7,Local,Loam,25.07
1249.9,27.7,6.82,99.3,7.02,97.1,15.39,17.0,TMS 98/0505,Sandy,23.7
1347.7,23.7,6.37,75.2,5.61,107.6,10.09,5.4,TMS 30572,Sandy-Loam,28.79
1286.8,25.2,4.48,71.1,6.09,196.2,14.54,21.7,Local,Loam,20.12
1936.6,24.5,5.63,75.7,6.65,197.7,7.07,18.3,Local,Sandy-Loam,20.94
1008.7,25.2,5.61,100.0,5.9,103.1,6.07,27.8,TMS 30572,Loam,24.75
1040.7,25.4,6.34,58.1,7.3,82.1,7.2,15.5,Local,Loam,23.7
1013.1,25.4,4.16,56.6,8.74,68.1,12.97,0.0,Local,Loam,22.36
1033.4,29.5,7.78,60.9,5.59,161.6,14.39,0.0,TME 419,Sandy-Loam,23.88
1008.8,23.7,6.37,70.4,4.5,107.7,8.04,22.4,TMS 30572,Sandy-Loam,28.06
1556.7,27.7,6.1,49.3,4.1,96.8,8.85,9.3,TMS 30572,Loam,28.12
1626.2,30.7,6.83,70.3,6.32,71.2,7.08,19.4,TME 419,Sandy,24.53
1028.8,25.5,7.64,90.3,5.7,73.8,5.47,16.1,TMS 30572,Loam,25.66
950.3,24.8,6.61,71.8,6.75,139.2,11.8,13.3,TMS 98/0505,Sandy-Loam,30.23
1341.4,26.3,6.66,66.5,6.66,41.1,10.56,14.0,Local,Clay,22.68
1034.3,30.5,6.09,62.6,4.58,179.7,10.03,6.3,TMS 30572,Clay,29.24
1389.9,27.6,5.9,80.8,4.32,88.0,6.5,14.8,TMS 98/0505,Loam,29.82
1260.9,25.4,5.67,60.1,6.86,111.0,14.1,9.2,TMS 30572,Loam,31.14
745.3,28.5,5.42,92.2,6.66,39.8,8.74,11.3,TMS 30572,Loam,24.97
1664.3,23.7,5.52,93.2,5.99,119.3,11.33,11.8,Local,Clay,21.51
1738.8,29.0,5.05,73.1,4.51,100.3,6.36,12.7,TME 419,Sandy-Loam,24.9
1016.2,28.2,5.95,69.9,7.07,117.0,9.52,24.2,TME 419,Loam,27.3
1083.7,26.1,4.82,82.4,8.03,208.3,10.73,13.7,TMS 30572,Loam,28.76
1285.8,24.5,6.13,83.1,6.83,130.7,10.82,25.2,TMS 98/0505,Loam,27.75
1300.3,24.3,5.97,60.3,5.48,72.3,10.39,30.4,Local,Sandy,18.74
1397.6,28.6,6.1,63.7,6.55,77.3,11.24,23.5,Local,Sandy-Loam,21.12
1803.1,30.7,5.63,54.1,4.86,155.7,7.17,20.3,Local,Loam,24.67
1146.9,25.1,8.15,74.9,7.77,197.9,10.49,18.3,TMS 30572,Sandy-Loam,23.28
960.5,28.4,6.95,78.0,6.6,136.9,10.28,23.7,Local,Clay,24.51
786.2,20.7,5.13,53.8,4.38,161.3,10.58,15.9,TMS 30572,Clay,22.44
980.7,25.2,6.16,64.5,6.14,156.6,10.18,24.8,TME 419,Sandy-Loam,27.58
1190.1,26.9,5.57,53.8,7.06,205.1,6.82,21.1,TME 419,Clay,24.76
1738.4,24.3,5.29,59.2,6.1,3.0,6.71,11.4,Local,Sandy-Loam,17.28
1044.7,24.2,5.06,76.6,6.17,160.0,4.46,24.0,TMS 98/0505,Sandy,23.22
1267.1,25.0,6.3,61.2,5.03,179.0,12.04,15.9,TME 419,Clay,25.93
1195.1,27.9,5.52,66.4,7.18,39.7,12.07,13.9,TMS 98/0505,Clay,25.1
1556.5,26.4,6.68,50.5,5.72,66.9,12.11,10.2,TME 419,Loam,25.6
1958.1,20.3,6.7,72.2,3.91,69.0,10.77,16.7,Local,Clay,15.8
1040.7,20.6,6.96,69.5,6.05,76.3,4.67,25.0,Local,Clay,19.29
1053.2,25.2,5.4,61.3,7.68,91.1,7.43,23.9,TMS 98/0505,Sandy-Loam,30.21
1513.2,28.4,6.33,67.7,6.04,134.6,10.43,18.5,TMS 30572,Loam,29.93
1404.6,18.8,6.44,72.2,8.59,171.9,10.34,21.0,Local,Clay,19.81
1754.0,25.5,5.67,60.2,7.01,184.9,9.44,27.7,TMS 30572,Loam,27.53
1375.2,25.4,5.46,52.3,6.91,69.7,10.92,13.5,TME 419,Clay,23.82
1092.2,31.2,7.13,91.7,6.35,69.3,10.03,3.8,TME 419,Loam,29.44
1377.2,25.8,6.16,62.4,6.42,198.9,10.3,28.0,Local,Loam,27.45
1532.6,28.1,6.45,68.8,6.18,158.8,8.4,9.7,TMS 30572,Loam,29.21
1446.1,27.4,5.42,82.1,6.14,125.0,12.46,8.1,Local,Sandy,21.58
1352.2,20.6,5.15,100.0,7.14,148.4,8.92,0.0,Local,Sandy,18.4
1520.0,29.3,5.6,55.1,5.38,118.2,6.67,20.7,TME 419,Sandy,22.9
1550.8,27.6,5.91,75.4,5.21,151.5,8.07,0.0,Local,Clay,25.56
1614.6,28.5,5.26,61.5,5.15,99.8,9.13,7.5,TME 419,Sandy-Loam,24.9
1394.6,38.0,5.99,63.5,8.95,136.1,12.49,20.9,Local,Sandy,18.0
1149.9,20.7,4.82,61.4,7.14,29.4,9.89,22.2,TME 419,Sandy,19.59
1244.0,32.2,5.22,56.5,6.87,78.7,9.53,8.5,TMS 98/0505,Loam,28.41
1562.0,26.1,6.47,69.5,5.23,79.4,6.88,13.7,TME 419,Clay,26.51
954.9,27.9,6.42,52.3,7.25,97.5,11.96,6.3,TME 419,Sandy,25.68
1310.6,26.9,5.73,81.4,6.36,64.4,8.37,9.5,TME 419,Loam,30.41
1082.0,25.7,5.29,70.7,6.76,88.0,9.75,17.7,TME 419,Sandy,21.95
1208.6,25.3,5.28,75.1,5.33,29.1,13.7,10.0,TMS 30572,Loam,26.26
1583.5,28.0,5.74,64.4,6.69,152.9,11.27,12.6,Local,Sandy,22.1
1257.3,22.4,6.45,65.6,5.99,115.0,5.93,0.4,TMS 98/0505,Loam,26.0
1213.9,29.3,6.65,73.5,5.58,17.7,5.58,26.3,TMS 30572,Clay,22.1
792.0,25.8,5.65,56.0,7.38,69.9,9.84,20.1,TMS 30572,Clay,23.95
1423.9,23.6,5.19,65.7,4.65,140.2,6.97,22.9,Local,Sandy,19.65
1393.6,25.6,6.19,59.7,7.18,87.4,11.62,27.9,Local,Clay,20.83
1849.0,30.8,5.42,59.3,7.32,78.2,10.11,6.7,TME 419,Loam,26.26
1107.7,25.4,5.64,44.7,5.44,115.5,10.41,11.4,TMS 98/0505,Sandy-Loam,29.07
1265.7,28.1,6.93,86.1,5.52,140.6,8.23,0.0,TME 419,Loam,27.42
1274.8,24.8,6.58,61.8,6.23,33.8,14.35,46.4,Local,Clay,15.29
1673.2,29.3,6.11,84.0,6.84,153.0,17.11,13.5,Local,Clay,20.27
1171.4,29.1,5.11,82.8,6.32,72.0,9.3,25.4,TMS 30572,Sandy,21.55
1283.7,32.5,6.15,54.6,7.02,118.9,10.88,2.6,TMS 30572,Sandy-Loam,27.03
1382.4,26.5,6.74,56.9,8.62,117.9,10.24,25.0,Local,Loam,25.68
1256.0,29.0,5.74,100.0,5.89,88.4,9.35,33.6,Local,Clay,21.67
1066.1,27.3,6.95,91.0,4.44,58.6,7.92,14.4,TME 419,Sandy,24.31
1258.2,30.9,6.9,69.6,7.49,102.9,7.29,4.9,TME 419,Loam,30.41
1522.1,24.8,7.16,73.1,8.52,217.5,7.16,13.6,TMS 30572,Loam,30.63
892.0,29.2,6.21,62.4,6.97,38.3,11.01,0.0,TMS 30572,Loam,26.86
1239.9,26.4,6.41,75.2,5.19,221.5,8.7,14.6,TMS 30572,Loam,30.75
990.0,26.8,6.99,61.4,6.35,104.4,4.0,23.2,Local,Loam,21.15
1558.5,27.3,6.31,45.6,5.16,122.1,11.11,14.6,TMS 30572,Clay,25.1
743.0,27.8,5.65,54.1,7.27,54.8,9.9,12.2,TMS 98/0505,Loam,29.37
1032.3,26.7,5.69,70.3,4.88,73.7,13.37,20.3,TMS 98/0505,Sandy,22.61
1313.2,27.6,6.17,56.4,6.14,89.8,10.93,21.0,TMS 98/0505,Clay,25.0
1669.7,31.7,5.1,69.2,5.29,57.3,6.3,0.0,TME 419,Loam,26.78
1180.3,30.0,5.9,57.1,6.65,107.5,4.43,15.9,TMS 30572,Loam,28.48
1033.4,29.6,6.77,60.6,6.06,95.6,8.2,39.4,TMS 98/0505,Sandy,24.17
1764.3,25.6,4.47,80.2,6.71,231.0,8.44,1.6,TMS 30572,Sandy,21.54
765.6,24.3,7.07,73.0,6.53,50.0,12.36,14.1,Local,Sandy,19.59
540.4,29.9,6.79,69.9,5.32,126.2,9.98,34.4,TMS 98/0505,Sandy-Loam,26.06
1332.0,29.6,5.68,80.5,7.25,134.9,12.83,26.0,TME 419,Loam,28.14
1049.4,31.4,6.38,75.8,6.44,55.8,6.69,9.9,Local,Sandy,19.31
893.6,25.2,6.0,87.4,5.31,161.2,12.41,17.1,Local,Sandy,20.18
1412.5,26.3,6.86,64.5,9.19,96.1,11.8,15.0,TMS 30572,Sandy,27.33
1273.1,22.1,6.69,64.8,7.07,0.0,4.95,7.5,TME 419,Loam,24.25
1030.8,25.8,5.02,54.4,6.32,159.6,13.31,14.3,Local,Sandy,18.77
815.9,30.0,6.41,64.9,8.2,53.0,10.23,12.2,TMS 30572,Loam,28.63
1461.7,25.6,5.86,81.6,8.71,57.1,10.98,16.1,TMS 30572,Loam,29.3
1395.1,28.9,6.06,85.6,6.33,161.3,7.84,7.5,TMS 30572,Sandy-Loam,29.97
1170.2,26.4,5.49,81.5,6.92,99.2,13.19,2.2,Local,Loam,24.79
1754.0,28.0,7.22,48.5,5.31,175.1,7.04,14.6,TMS 30572,Loam,22.9
879.0,23.6,6.73,83.0,6.32,192.6,12.08,32.2,Local,Clay,21.71
742.3,27.3,5.48,47.9,6.26,81.3,12.05,15.8,TME 419,Loam,28.35
992.4,18.0,5.07,80.8,6.72,167.6,7.56,11.7,TME 419,Clay,19.29
1186.3,26.4,5.73,65.6,6.9,74.7,14.96,22.5,TMS 30572,Clay,23.64
1273.0,22.1,6.3,78.4,7.17,254.0,10.58,13.4,TME 419,Loam,28.6
1127.6,30.6,6.17,54.0,6.79,78.4,11.63,33.7,Local,Loam,22.95
1305.6,29.3,6.88,84.1,5.05,181.6,6.18,15.0,TME 419,Sandy-Loam,28.2
824.5,28.4,6.55,52.4,5.37,170.6,15.29,22.0,TME 419,Clay,23.49
1633.1,31.6,6.68,62.0,5.84,139.0,6.94,7.5,TMS 98/0505,Sandy-Loam,27.49
1175.4,24.2,6.23,58.0,6.16,79.8,12.56,20.0,TMS 98/0505,Sandy,23.53
1535.2,32.2,5.03,48.9,7.76,110.9,7.51,17.8,Local,Loam,23.03
1302.8,29.8,5.86,71.1,5.1,0.0,8.45,14.4,Local,Sandy-Loam,20.69
1337.0,26.3,6.74,91.7,6.07,133.5,11.97,10.0,Local,Loam,26.72
1370.9,30.4,5.96,100.0,7.64,141.0,12.57,8.6,TMS 30572,Sandy-Loam,27.59
1334.3,23.7,6.35,71.2,6.14,128.0,6.82,17.8,Local,Sandy,23.19
1392.8,24.5,5.78,83.4,7.05,0.0,12.73,21.3,Local,Sandy-Loam,16.79
1598.7,25.2,5.28,72.8,6.33,44.1,12.61,13.7,TME 419,Loam,27.28
1259.0,25.4,5.91,76.0,6.81,75.1,7.66,17.9,Local,Sandy,18.79
1412.7,23.8,6.22,65.9,6.23,137.5,14.0,14.6,Local,Sandy-Loam,22.3
1173.1,30.7,5.54,72.3,7.3,137.4,6.36,16.0,TME 419,Loam,30.13
1632.0,26.2,5.84,76.4,4.65,109.8,8.44,13.0,Local,Sandy,22.25
997.1,28.1,5.34,63.1,6.06,158.1,11.2,15.2,TME 419,Sandy,23.76
1740.3,25.3,6.78,69.1,6.86,58.4,7.87,42.0,TMS 98/0505,Clay,23.28
1188.0,21.5,5.79,69.3,7.14,156.6,10.66,18.1,Local,Sandy-Loam,22.93
770.8,27.8,7.02,79.9,8.29,148.5,10.6,21.5,TME 419,Sandy,24.78
1238.4,21.3,7.07,57.2,6.03,142.7,9.53,19.4,TMS 98/0505,Loam,28.57
995.7,26.8,5.94,69.4,8.28,109.1,12.08,12.4,TMS 98/0505,Sandy,26.84
1452.2,22.9,5.29,92.9,5.71,229.8,9.43,27.9,TME 419,Clay,21.28
1004.2,33.0,4.54,84.0,8.09,149.6,10.58,12.1,TMS 30572,Sandy,22.06
1066.1,29.7,4.97,86.2,7.48,61.9,12.87,25.6,Local,Sandy,17.64
633.1,27.3,5.04,70.3,5.4,134.9,11.98,11.7,TMS 30572,Sandy,21.07
1064.3,30.8,6.96,73.9,6.87,165.1,11.97,5.4,TMS 98/0505,Loam,30.93
472.8,24.5,6.08,82.0,6.44,84.7,7.13,18.7,TME 419,Sandy-Loam,23.82
724.8,28.6,6.27,88.7,7.25,185.4,11.31,4.0,TME 419,Loam,29.82
1428.1,27.6,4.45,46.6,6.23,142.9,7.8,20.4,Local,Sandy,15.22
1435.7,27.8,5.16,54.2,6.13,0.0,6.8,3.1,TMS 30572,Loam,24.74
1327.6,30.8,6.62,85.7,8.14,138.0,9.82,11.8,TME 419,Clay,25.43
909.9,29.2,6.2,66.7,6.38,95.6,7.74,0.7,TMS 30572,Sandy,25.58
1185.7,27.9,5.9,61.9,7.49,152.2,11.98,43.2,Local,Sandy,19.93
1198.9,22.0,6.4,55.0,6.23,176.7,12.04,0.0,TME 419,Sandy,27.26
852.5,24.1,7.15,63.3,8.5,131.7,5.24,15.1,TME 419,Clay,24.59
1651.0,26.6,5.85,53.2,5.69,219.9,7.93,26.4,Local,Loam,25.33
1463.2,27.3,6.05,95.1,5.76,109.3,6.35,25.4,Local,Loam,25.49
1133.7,23.6,6.13,69.7,8.33,157.5,8.84,23.5,Local,Sandy,26.18
1208.1,34.2,7.67,69.3,5.97,168.3,11.14,11.8,TMS 30572,Loam,25.38
1262.5,31.5,4.53,77.1,8.42,114.2,9.39,28.5,TMS 30572,Sandy-Loam,25.72
587.5,28.8,6.48,81.5,7.57,166.7,8.53,24.1,TMS 30572,Sandy,25.63
1125.8,27.2,5.92,81.4,6.31,84.3,13.25,17.1,Local,Sandy-Loam,24.98
995.4,26.4,6.4,82.9,4.32,94.6,4.24,17.4,TMS 98/0505,Loam,30.02
899.5,24.1,5.54,62.4,6.48,41.3,13.09,12.0,TMS 30572,Sandy,22.82
1115.7,27.2,5.97,66.4,6.62,134.5,8.64,5.9,TME 419,Loam,29.36
1739.3,27.8,6.5,79.2,7.9,139.5,9.8,27.4,Local,Sandy-Loam,24.12
1392.3,23.3,8.18,63.7,8.41,190.8,8.68,28.1,Local,Loam,18.51
1028.6,28.0,6.57,69.9,5.68,167.5,13.86,6.2,TMS 98/0505,Sandy-Loam,29.97
1371.8,26.5,5.41,74.8,7.46,102.9,6.92,13.5,TME 419,Loam,30.33
1619.8,21.3,5.7,79.4,7.42,49.3,10.03,13.6,TME 419,Loam,25.48
1477.4,24.4,5.68,48.7,7.79,146.0,11.32,14.7,Local,Sandy-Loam,23.23
1217.9,25.8,4.74,78.6,7.1,186.6,5.97,15.6,TMS 30572,Sandy-Loam,25.73
1005.9,32.7,5.77,67.2,4.17,165.3,7.7,24.5,Local,Loam,22.55
1409.5,28.7,6.51,78.5,6.31,185.1,9.63,7.5,TME 419,Clay,25.27
1318.0,23.0,5.11,79.3,5.11,107.3,7.78,6.5,TME 419,Sandy,22.16
1468.6,28.5,6.73,89.3,6.26,92.0,7.96,27.4,TME 419,Loam,28.17
1390.6,22.4,6.34,86.2,7.68,75.8,9.13,10.4,TME 419,Loam,29.92
1514.9,30.2,5.49,86.2,6.87,116.6,11.62,2.4,TME 419,Sandy,24.19
1039.4,25.6,5.9,87.3,7.88,115.3,9.14,10.1,TMS 30572,Loam,28.62
1595.2,26.7,7.12,73.5,6.91,132.4,12.7,11.7,TMS 30572,Loam,28.72
1259.3,31.0,6.51,70.4,4.94,112.2,7.51,30.5,TMS 30572,Sandy-Loam,23.86
1822.6,23.1,6.01,80.5,3.47,112.0,6.87,24.2,Local,Clay,18.43
993.2,22.8,5.83,78.8,6.68,73.4,14.82,26.5,TMS 30572,Loam,23.61
1720.8,25.2,6.05,66.3,6.24,176.5,8.36,23.2,Local,Sandy-Loam,25.12
1259.4,30.1,5.64,74.9,5.33,124.6,6.72,24.5,Local,Sandy,19.26
1004.6,22.4,4.53,69.6,4.46,109.5,5.64,8.1,TMS 98/0505,Loam,26.0
1054.8,18.5,7.43,59.8,5.62,75.2,12.69,13.0,TMS 30572,Clay,21.05
1103.9,25.6,6.11,85.5,6.27,40.1,9.15,5.1,TME 419,Sandy,24.37
1327.2,28.7,6.28,70.7,7.3,198.5,9.37,12.9,TMS 98/0505,Clay,27.96
1356.9,30.6,5.96,94.6,6.73,153.3,9.6,21.8,TMS 98/0505,Sandy,26.18
1027.9,25.6,5.49,50.5,8.43,22.6,12.53,16.3,TMS 30572,Sandy,23.29
1192.7,25.8,5.87,63.3,5.26,165.8,9.55,28.1,TMS 30572,Sandy,25.46
1842.7,30.5,4.88,70.4,7.56,175.3,15.86,3.6,TMS 30572,Sandy-Loam,23.99
1718.3,21.4,7.59,83.6,6.56,127.5,10.33,20.0,Local,Clay,18.32
1330.9,25.8,5.14,74.8,7.33,215.9,12.65,2.5,Local,Clay,23.4
1211.4,27.6,5.28,73.7,5.98,133.0,12.01,15.9,TMS 30572,Loam,28.16
1236.0,28.3,5.69,56.5,7.79,35.0,9.91,22.4,TME 419,Loam,26.55
1384.1,25.5,6.9,56.1,6.85,141.9,8.53,12.9,Local,Clay,22.16
893.2,27.1,6.01,73.9,5.68,134.7,10.83,20.5,TME 419,Loam,27.13
1122.8,19.5,5.13,53.6,6.49,83.8,11.28,5.4,TME 419,Sandy,20.59
699.4,25.0,6.88,63.6,6.21,154.4,8.57,0.0,TMS 98/0505,Clay,27.2
1319.8,28.4,6.51,76.0,7.09,19.9,10.42,20.6,TMS 30572,Sandy,25.09
1394.2,24.1,6.38,58.2,5.08,179.4,13.09,32.4,TME 419,Sandy,25.25
1055.0,27.2,6.5,89.3,6.46,67.3,15.17,5.0,TMS 98/0505,Sandy-Loam,28.19
1672.2,28.3,7.68,84.7,6.97,60.9,12.14,27.2,TMS 98/0505,Clay,24.27
832.3,26.0,7.53,51.1,6.54,113.2,14.66,15.4,TME 419,Clay,21.84
760.7,27.5,5.52,58.8,8.12,146.0,8.43,1.6,TMS 98/0505,Loam,30.2
1267.3,24.1,7.14,42.6,7.43,129.8,11.75,3.7,TME 419,Loam,27.27
1514.1,26.4,6.27,60.6,6.49,75.4,13.35,15.2,Local,Clay,21.95
1705.2,28.8,6.35,79.2,6.76,89.6,7.76,11.0,Local,Clay,23.08
1062.3,27.5,4.82,65.0,6.85,52.0,8.79,1.9,TMS 30572,Loam,26.13
1523.6,25.2,5.88,75.5,6.98,106.5,14.34,0.0,TME 419,Sandy-Loam,26.22
1188.4,27.7,5.43,51.7,4.31,184.5,7.56,6.5,TMS 30572,Sandy-Loam,28.68
1148.2,29.1,6.58,79.6,6.14,119.7,6.65,16.9,TMS 30572,Loam,30.21
1465.1,20.9,6.75,63.3,4.72,171.6,13.82,14.9,Local,Sandy-Loam,21.83
1395.7,30.5,4.55,70.1,8.03,207.3,12.99,10.0,Local,Loam,22.71
727.1,26.0,5.98,68.9,6.43,84.7,11.08,17.0,TME 419,Loam,28.39
1643.0,28.3,6.79,54.7,6.27,108.8,9.89,25.4,Local,Sandy,21.06
1614.0,30.6,5.87,56.2,7.58,250.3,8.9,18.9,TMS 30572,Loam,30.61
1012.3,22.9,6.51,81.6,7.01,206.7,10.7,13.8,TME 419,Sandy-Loam,26.33
1318.7,24.9,6.25,74.8,5.15,19.7,13.95,24.3,TME 419,Clay,21.63
1348.2,26.1,6.24,82.6,6.41,143.2,10.6,5.4,TME 419,Clay,27.19
1278.2,24.6,5.81,73.9,6.1,120.0,15.42,12.8,TMS 30572,Sandy,24.54
1034.9,32.2,5.15,71.7,4.41,169.6,7.76,13.0,TMS 30572,Loam,26.71
998.5,24.4,5.21,49.3,5.67,75.3,9.95,2.6,TMS 98/0505,Sandy,22.26
1192.3,25.3,6.5,66.8,6.28,69.6,9.07,10.8,TMS 30572,Loam,31.64
1551.8,27.6,6.01,69.7,6.36,79.4,7.29,0.0,TME 419,Loam,29.29
1363.1,23.4,5.9,93.4,4.72,85.7,9.62,34.1,Local,Loam,22.33
1088.8,25.8,5.7,78.2,7.88,168.9,11.04,5.6,TMS 30572,Loam,32.5
1431.5,28.0,5.79,88.4,6.38,49.1,11.31,30.9,TMS 98/0505,Loam,25.31
345.4,26.0,6.73,77.2,6.55,82.6,15.43,15.4,Local,Loam,19.3
1544.6,26.7,5.77,61.5,6.98,12.7,11.16,20.6,Local,Sandy,18.92
678.1,25.4,5.06,71.4,5.55,180.4,12.88,10.1,Local,Sandy-Loam,20.85
1091.3,22.5,6.52,72.8,7.05,196.3,10.17,17.1,TMS 30572,Sandy,25.11
864.1,28.0,5.86,58.7,6.06,100.4,14.2,21.5,TME 419,Sandy,25.02
811.6,32.3,6.02,65.4,5.42,102.1,16.0,21.6,Local,Sandy-Loam,21.13
1548.2,27.1,7.13,67.5,7.19,147.2,11.33,22.7,TMS 98/0505,Sandy-Loam,29.36
1059.7,27.7,5.99,89.3,8.29,208.5,7.52,11.3,TME 419,Clay,27.61
1304.0,29.1,6.2,45.0,7.37,144.5,8.63,10.2,TME 419,Sandy,23.91
1185.9,23.2,5.17,84.5,7.61,78.1,10.7,0.0,TME 419,Sandy,21.6
1343.1,32.1,5.85,58.8,5.88,22.9,11.14,20.2,Local,Sandy-Loam,19.61
1223.0,27.6,6.43,53.5,4.58,53.1,11.75,25.8,TME 419,Sandy-Loam,26.1
815.1,31.9,4.91,84.2,8.29,124.4,11.15,31.2,TME 419,Loam,24.53
1498.9,24.8,6.14,78.8,8.97,80.7,10.02,18.1,TME 419,Sandy,25.24
1051.9,32.5,6.07,85.1,8.35,131.7,8.41,7.3,TMS 30572,Sandy,26.04
733.0,29.3,6.03,79.6,6.1,86.8,11.0,0.0,TMS 30572,Sandy,28.68
1071.6,28.7,6.73,94.7,5.11,56.5,14.64,25.4,Local,Clay,18.43
1650.2,27.7,6.23,76.7,5.22,49.4,12.55,0.0,TME 419,Sandy,26.47
1455.1,26.3,7.03,68.1,4.48,213.7,11.34,11.6,TMS 30572,Sandy-Loam,28.02
1095.4,30.6,5.3,74.1,6.37,173.3,12.57,12.8,Local,Sandy,20.92
1095.2,27.4,6.1,84.9,8.43,223.8,9.07,14.3,Local,Clay,25.93
1103.5,21.1,6.06,60.6,6.33,152.4,8.73,15.4,TME 419,Sandy,25.23
1823.0,23.6,5.25,62.2,6.86,94.2,8.13,16.4,TMS 30572,Loam,25.99
1314.6,26.4,6.67,66.3,8.15,199.4,9.69,0.0,Local,Sandy,25.21
1329.0,27.9,7.63,44.7,6.02,118.0,8.94,15.1,TMS 30572,Clay,23.94
1509.1,26.8,5.99,71.7,8.94,133.3,13.02,0.0,TMS 30572,Loam,31.52
1271.6,30.7,6.35,47.4,8.89,117.4,8.81,22.3,TMS 98/0505,Sandy,26.63
1122.3,21.1,6.06,70.6,6.34,0.0,7.99,9.4,Local,Sandy-Loam,17.53
1141.1,27.4,5.5,80.4,5.81,216.3,14.86,0.0,TMS 30572,Loam,29.32
1178.5,21.5,4.73,64.3,7.34,149.5,8.87,6.9,Local,Sandy-Loam,19.82
1188.8,29.3,5.51,90.1,6.08,139.8,10.38,9.3,TME 419,Sandy-Loam,29.09
1418.3,26.7,5.03,52.5,5.11,116.3,11.13,26.9,TME 419,Sandy-Loam,24.21
1215.6,28.3,7.19,84.3,8.04,129.8,7.16,17.0,TME 419,Sandy,22.74
1419.8,24.4,5.92,78.1,7.96,84.2,13.09,18.4,TMS 30572,Sandy,24.36
1175.8,30.8,5.76,49.4,6.69,157.0,11.59,26.8,Local,Sandy-Loam,18.65
1223.6,30.1,6.62,100.0,4.98,41.6,13.9,14.0,TME 419,Loam,25.64
600.5,28.8,5.21,69.2,5.02,131.2,8.3,22.5,Local,Sandy,18.03
1474.9,26.6,5.46,59.5,6.63,153.7,10.25,21.8,TMS 30572,Clay,26.0
1303.9,28.7,6.05,53.1,5.9,108.1,10.1,2.1,Local,Loam,28.8
1499.4,24.9,6.72,67.4,6.09,142.3,10.66,29.7,TMS 30572,Clay,26.23
331.1,29.6,6.35,68.5,7.73,60.5,6.36,0.8,TMS 30572,Sandy-Loam,26.23
1826.5,31.9,6.17,71.2,7.38,62.1,10.28,24.2,TMS 30572,Clay,22.66
1158.1,30.2,6.05,66.4,8.15,134.2,6.43,0.0,Local,Loam,26.31
1532.5,24.8,6.28,77.6,5.31,160.7,10.9,21.0,TMS 30572,Loam,28.28
888.0,28.1,6.14,65.3,6.09,7.5,4.68,33.6,Local,Loam,18.84
1383.8,23.1,5.28,46.8,7.41,151.3,5.37,12.9,TMS 30572,Loam,25.43
884.0,28.7,6.03,68.2,7.04,87.4,12.05,12.4,TMS 30572,Sandy,23.48
1012.9,28.4,5.25,41.6,8.34,108.4,8.63,21.1,TME 419,Loam,24.85
1774.2,21.4,6.06,74.2,7.0,39.6,7.53,11.7,TMS 30572,Loam,27.42
1142.8,23.5,5.66,58.2,8.72,68.9,13.18,33.2,Local,Loam,22.24
1265.2,26.2,7.78,72.0,7.15,178.0,10.82,16.9,TME 419,Sandy-Loam,24.35
1461.0,26.1,5.97,85.8,7.77,122.0,12.18,11.8,Local,Loam,25.98
1348.7,23.4,5.02,58.6,6.11,97.0,9.58,9.6,TMS 98/0505,Sandy,25.72
1245.1,28.2,5.91,82.7,6.52,113.0,16.7,5.7,TMS 98/0505,Clay,26.82
1309.5,27.8,6.36,64.8,7.59,149.4,8.49,8.7,TMS 30572,Clay,29.22
1921.0,26.4,7.17,91.0,8.44,146.4,14.36,11.5,TMS 98/0505,Loam,26.68
1182.7,24.7,5.59,65.6,7.38,115.5,9.85,10.1,TME 419,Clay,25.63
1260.3,30.1,4.89,59.9,6.4,185.6,5.86,8.4,TMS 98/0505,Sandy,25.0
1515.2,32.0,6.57,78.2,8.15,178.2,11.21,36.0,TME 419,Loam,29.93
1531.7,25.5,5.03,64.8,3.87,144.8,10.79,4.7,TMS 30572,Sandy-Loam,28.62
1556.1,25.2,5.69,59.9,4.79,123.3,7.37,16.5,TMS 30572,Sandy-Loam,27.77
1391.6,28.5,5.82,64.3,7.32,159.4,7.69,20.9,Local,Loam,25.63
857.1,25.9,5.95,69.5,6.52,138.9,9.94,21.3,TME 419,Clay,27.39
1690.0,26.6,6.48,86.1,7.23,183.6,10.87,14.4,Local,Sandy-Loam,25.74
856.1,29.2,5.52,46.8,6.58,174.0,4.0,12.6,TMS 98/0505,Sandy-Loam,23.39
1290.8,21.3,5.81,70.3,7.19,58.9,12.63,19.5,Local,Loam,21.04
973.7,31.0,5.99,77.5,5.52,54.8,8.76,17.7,TME 419,Loam,27.79
1180.8,27.2,6.1,72.3,7.18,77.9,6.67,12.4,TMS 30572,Loam,27.31
1298.6,25.8,6.07,85.7,7.69,178.6,12.35,0.0,Local,Sandy,22.63
1296.4,26.7,6.31,69.1,7.96,25.4,9.94,10.3,TME 419,Loam,27.96
1326.6,26.9,6.59,67.8,8.92,143.7,13.04,3.5,TMS 30572,Clay,28.42
1684.1,21.8,6.27,77.1,6.79,141.8,11.09,8.3,Local,Sandy-Loam,22.88
1336.1,31.5,6.32,71.2,6.83,189.8,10.0,15.3,TMS 30572,Sandy-Loam,28.72
1126.8,27.1,4.89,65.3,4.67,130.8,9.62,18.6,Local,Sandy,20.05
1489.2,28.3,6.04,76.2,5.86,39.4,11.21,32.8,Local,Loam,22.85
1556.8,29.9,6.34,62.2,6.27,62.4,8.97,9.6,TME 419,Sandy,24.65
831.7,23.9,6.51,62.7,7.76,49.1,7.87,22.7,TME 419,Sandy,21.03
1379.2,28.4,5.52,63.7,5.77,87.7,11.52,18.1,TMS 98/0505,Sandy-Loam,29.66
1410.4,26.2,5.54,86.2,7.46,109.0,9.64,28.0,TMS 98/0505,Loam,28.34
1110.7,29.5,5.6,31.3,6.5,50.1,10.08,20.8,TME 419,Clay,21.49
1612.7,20.6,6.38,74.7,6.29,208.2,12.72,4.9,TME 419,Sandy,24.05
1155.0,26.7,6.72,70.4,6.8,40.5,9.72,0.0,TME 419,Loam,28.29
1237.7,25.2,5.71,49.8,6.03,200.8,10.04,18.1,Local,Clay,21.49
1148.1,28.3,6.64,73.7,5.99,191.1,8.5,9.7,TME 419,Sandy,26.59
1204.7,28.4,6.09,75.7,4.45,173.9,11.08,5.2,TMS 30572,Loam,30.22
871.1,24.9,5.91,77.1,6.2,78.4,10.87,2.3,TME 419,Sandy,28.23
768.0,24.9,5.85,38.2,5.92,140.5,12.25,16.6,Local,Clay,19.74
1678.4,26.7,6.52,86.4,5.88,43.4,8.55,30.1,TME 419,Sandy-Loam,26.01
945.9,24.3,6.23,61.1,7.0,174.7,8.86,10.9,Local,Sandy-Loam,21.89
902.6,29.5,7.59,78.2,7.29,115.6,11.98,20.9,TMS 30572,Sandy-Loam,24.01
554.0,25.9,5.4,78.9,6.78,95.4,10.63,14.0,TME 419,Sandy-Loam,23.68
1008.3,18.3,6.36,59.5,7.69,46.6,7.73,2.1,TME 419,Sandy-Loam,22.25
803.1,25.9,5.63,77.9,7.19,0.0,13.27,22.3,TME 419,Loam,23.17
1692.6,23.9,5.39,65.4,6.15,57.7,5.75,4.1,TMS 98/0505,Loam,29.08
1502.9,22.1,5.99,45.1,5.94,186.8,11.96,15.2,Local,Loam,23.58
993.6,23.3,6.1,84.0,6.88,95.8,6.84,11.6,TMS 98/0505,Sandy-Loam,27.86
1875.7,27.3,8.04,60.7,7.19,109.8,14.71,23.9,TME 419,Sandy,16.88
1494.5,31.0,5.87,59.7,8.18,159.3,6.14,4.4,TMS 98/0505,Sandy,28.85
1102.6,27.9,5.21,65.2,7.93,228.3,12.88,18.9,TMS 30572,Sandy-Loam,30.5
450.2,25.2,6.19,73.3,5.85,199.5,9.8,6.6,Local,Sandy,20.38
1887.3,28.4,4.55,69.3,6.38,61.7,9.08,9.9,TMS 30572,Sandy-Loam,24.71
783.1,25.6,5.94,76.6,7.31,3.4,10.46,0.0,TMS 30572,Clay,25.21
706.4,24.9,6.01,53.9,7.78,261.6,11.58,35.9,Local,Loam,23.9
1506.8,23.5,6.56,61.1,7.63,256.1,7.74,20.5,Local,Clay,20.8
1931.9,21.7,6.68,68.6,6.42,131.3,7.96,7.3,TMS 30572,Sandy-Loam,25.15
1615.3,25.8,5.65,92.8,5.0,43.8,11.62,3.8,TMS 30572,Sandy,25.26
1369.2,27.5,5.89,68.6,5.3,177.8,5.73,10.0,TMS 30572,Clay,28.6
1378.4,26.7,5.46,83.0,6.83,113.5,8.54,22.2,TMS 30572,Sandy-Loam,26.58
1456.0,25.8,5.21,70.5,6.91,113.2,17.6,0.0,TMS 30572,Sandy,20.66
1427.7,24.2,6.22,64.2,5.18,173.7,7.58,13.6,TMS 30572,Sandy,24.94
1284.4,28.8,5.11,67.0,6.55,140.1,12.87,32.7,TME 419,Sandy,23.81
1231.3,23.0,5.71,68.0,7.26,48.9,8.54,3.7,Local,Sandy,19.08
1181.2,29.3,5.3,77.2,5.12,100.5,11.27,15.8,TMS 98/0505,Sandy,23.96
973.8,24.0,6.38,86.5,7.83,159.7,11.64,37.0,Local,Clay,21.1
1115.8,24.7,7.26,74.3,6.05,150.6,12.82,21.3,TME 419,Loam,26.22
692.1,22.6,5.09,84.2,8.01,135.7,9.5,16.3,TMS 30572,Sandy-Loam,25.61
1170.5,25.5,4.7,58.4,5.86,176.0,14.97,20.1,TME 419,Loam,22.43
903.4,29.9,5.91,65.0,5.27,98.3,8.53,11.0,Local,Loam,24.26
868.9,28.5,6.01,61.3,5.95,130.7,10.59,28.0,Local,Clay,22.95
1254.0,29.9,6.15,73.8,6.39,0.0,10.61,11.0,TMS 30572,Sandy-Loam,23.46
1617.6,28.6,5.69,65.7,6.03,93.0,7.2,0.0,TMS 98/0505,Loam,32.52
1475.5,23.7,5.86,78.8,6.24,165.8,9.29,11.1,TME 419,Loam,27.44
728.8,26.0,6.26,58.8,6.9,96.6,10.4,5.3,TME 419,Sandy-Loam,28.56
903.1,24.7,6.73,70.5,6.29,92.0,8.92,12.2,TME 419,Loam,27.32
1482.2,31.0,4.63,78.2,6.42,57.5,16.1,12.4,Local,Sandy,14.46
905.3,23.4,5.74,45.2,4.45,180.2,7.9,27.0,Local,Loam,21.01
1132.6,29.7,6.15,95.5,6.97,152.9,12.95,22.0,Local,Clay,22.92
1365.0,29.7,5.36,66.6,6.39,169.5,12.14,17.6,TME 419,Sandy,24.59
909.5,32.5,7.21,45.7,8.43,16.4,9.97,15.0,Local,Loam,22.25
1231.6,25.8,5.56,71.9,5.37,110.4,7.84,4.4,Local,Loam,27.23
799.8,29.1,5.97,70.4,4.33,103.2,8.08,0.0,TMS 30572,Sandy-Loam,26.79
1019.6,33.8,6.39,69.0,7.24,103.2,8.71,16.1,TMS 98/0505,Loam,27.23
1295.9,25.1,5.59,81.9,6.92,83.0,5.54,22.9,TMS 98/0505,Loam,26.51
722.1,22.4,4.71,79.0,5.29,99.2,7.49,13.9,TMS 30572,Loam,22.07
1332.1,21.4,5.7,73.6,4.66,171.0,6.29,9.7,Local,Loam,24.42
1194.1,29.1,6.72,75.4,8.34,5.2,13.36,19.6,TMS 30572,Clay,24.92
1365.7,21.4,5.76,68.7,8.2,226.6,11.55,14.2,Local,Clay,21.33
1267.2,25.9,5.41,91.3,3.52,149.0,11.96,31.9,TMS 30572,Clay,24.04
1609.2,28.3,6.65,52.2,5.95,117.5,11.47,27.3,TMS 30572,Sandy-Loam,28.55
1237.6,27.6,5.77,71.7,8.5,174.4,10.42,24.6,TMS 30572,Sandy-Loam,31.59
1071.2,28.3,5.64,70.8,5.93,32.9,13.65,22.6,TMS 98/0505,Loam,28.12
1236.7,27.7,6.1,79.8,5.91,80.1,8.47,2.1,TMS 30572,Sandy-Loam,26.13
1363.0,30.8,6.54,59.9,6.16,112.7,10.27,21.6,TMS 30572,Sandy,25.62
1214.7,24.1,7.67,49.1,5.15,201.9,11.87,18.8,Local,Clay,19.62
1212.2,25.0,6.58,71.9,4.45,117.2,6.7,21.1,TMS 98/0505,Loam,28.98
989.4,24.7,6.81,73.4,7.76,147.0,17.74,19.9,Local,Sandy-Loam,21.68
1001.1,29.5,5.65,87.9,4.29,84.6,10.07,19.5,TMS 98/0505,Loam,29.08
779.2,29.7,5.28,54.8,6.8,149.2,10.35,42.0,TME 419,Clay,20.63
1724.9,28.4,6.04,83.9,7.56,220.6,13.14,14.2,Local,Sandy-Loam,23.49
826.8,30.6,6.08,98.4,4.76,179.7,12.29,24.4,TMS 30572,Clay,24.32
992.1,23.5,5.25,65.5,5.39,115.1,10.1,10.3,Local,Clay,22.08
984.5,32.0,5.88,54.5,7.96,160.5,10.33,22.9,TMS 30572,Sandy,24.01
1468.5,31.6,6.28,65.1,7.14,154.7,6.24,24.4,Local,Sandy,21.25
1111.5,29.2,6.25,70.2,5.76,150.4,8.61,18.6,TMS 98/0505,Sandy-Loam,29.81
1574.3,32.3,6.35,76.8,7.94,186.7,11.29,31.7,TMS 30572,Clay,27.95
998.0,22.0,6.2,62.9,7.95,186.3,11.11,6.2,TMS 30572,Loam,29.38
1283.7,25.4,5.65,88.7,6.82,112.4,13.05,10.1,TME 419,Loam,26.25
949.4,24.8,5.64,56.6,5.42,158.5,9.7,17.1,Local,Sandy,21.31
1843.5,29.2,5.16,49.1,6.0,97.0,6.53,23.8,TMS 30572,Loam,27.79
843.7,23.8,7.25,83.3,6.84,64.6,12.64,16.8,Local,Loam,22.63
1292.9,29.3,6.01,42.7,6.27,103.8,13.59,27.9,TME 419,Sandy,21.88
1390.1,31.1,5.84,67.6,7.63,115.4,12.25,8.4,TMS 30572,Sandy,25.17
1324.1,29.1,5.35,100.0,4.66,20.3,9.59,3.6,TME 419,Loam,25.28
1144.4,27.9,8.05,69.9,4.71,171.6,12.61,18.1,Local,Loam,22.58
1161.1,24.0,5.25,56.6,6.72,0.0,18.57,14.2,Local,Sandy,11.68
1213.1,24.5,5.7,69.3,5.91,282.9,10.29,20.4,Local,Loam,24.29
1155.9,30.7,6.29,69.4,5.75,210.1,6.72,14.7,TMS 98/0505,Sandy-Loam,29.11
1489.2,29.3,6.42,71.9,4.38,104.3,8.53,11.6,Local,Loam,24.74
1863.2,26.9,6.67,77.9,6.52,120.6,11.56,14.3,TMS 98/0505,Sandy-Loam,30.38
1032.8,25.7,7.27,57.5,6.44,138.2,5.99,15.3,Local,Sandy-Loam,20.45
789.1,20.9,6.35,90.3,7.28,84.7,10.42,12.0,Local,Sandy,20.42
1173.5,23.8,5.26,72.9,6.58,131.6,10.95,13.0,TME 419,Sandy,24.17
1973.9,32.7,5.82,78.7,6.34,111.4,13.84,11.0,Local,Loam,23.94
958.9,23.2,6.22,62.5,7.91,114.3,13.28,23.6,TMS 30572,Loam,29.67
1691.7,27.6,7.45,85.4,4.93,130.9,12.16,16.9,TMS 98/0505,Loam,27.31
1703.3,30.0,5.02,66.9,7.14,41.2,4.59,37.6,Local,Loam,18.62
1033.9,23.2,6.84,73.3,4.49,122.4,12.3,16.6,TMS 30572,Clay,24.84
1370.7,27.6,6.13,58.8,5.49,129.8,11.76,9.5,TME 419,Sandy,25.67
1688.5,29.8,6.59,58.0,5.04,127.7,10.64,41.7,Local,Sandy-Loam,19.06
1086.3,27.0,5.93,78.3,7.44,107.1,5.67,19.1,Local,Sandy,23.15
1138.9,35.6,5.41,64.7,6.42,188.3,8.06,24.9,TMS 98/0505,Sandy-Loam,25.73
1025.5,22.0,6.53,59.8,6.48,98.8,7.08,20.9,Local,Sandy,17.45
895.6,30.2,6.46,62.3,5.17,133.6,4.96,21.2,TMS 98/0505,Sandy,21.64
1005.2,26.5,6.68,78.4,6.14,197.8,9.99,20.4,TME 419,Sandy,22.13
832.8,29.3,5.99,62.5,5.58,115.2,8.01,4.0,Local,Sandy-Loam,25.24
1210.2,28.3,5.58,68.6,6.96,132.9,16.56,18.7,TME 419,Sandy,22.38
969.0,24.8,4.91,70.2,5.31,114.2,9.58,1.8,TMS 30572,Clay,24.35
1270.1,27.7,6.57,47.0,8.1,194.2,13.23,13.3,TMS 30572,Sandy-Loam,29.34
733.2,21.4,6.3,52.3,4.49,104.5,6.08,7.7,TME 419,Clay,21.45
1299.3,28.8,5.32,74.0,5.53,197.0,8.67,18.6,TMS 98/0505,Loam,30.37
1450.1,27.9,5.62,61.2,8.51,113.8,10.24,18.3,Local,Sandy-Loam,24.67
601.9,28.9,5.67,82.7,5.98,68.4,7.73,19.8,TMS 98/0505,Sandy-Loam,26.18
1312.2,30.2,4.96,81.6,4.92,160.8,8.94,17.9,TMS 30572,Loam,25.14
1568.3,28.1,5.43,78.6,6.76,101.7,9.46,8.9,TMS 30572,Loam,28.4
837.1,27.4,5.21,91.8,5.93,157.2,9.42,12.4,TMS 30572,Sandy-Loam,27.64
1701.8,24.4,5.71,69.0,5.5,0.0,14.64,24.2,TME 419,Sandy-Loam,19.54
1325.7,24.9,5.48,77.8,5.18,120.3,10.95,25.7,TMS 30572,Loam,29.27
988.5,30.6,4.86,63.0,9.82,92.4,11.2,3.5,TME 419,Sandy-Loam,29.66
1183.3,31.3,7.42,99.4,6.2,56.2,11.35,0.0,TME 419,Loam,27.28
1367.5,26.3,6.88,93.8,4.19,86.8,11.53,7.7,TME 419,Loam,29.74
1222.8,27.1,5.45,70.1,8.29,85.6,9.79,25.5,Local,Sandy,21.98
1361.6,24.3,6.19,74.6,7.23,117.1,9.2,27.1,TME 419,Sandy,23.86
923.8,30.5,6.29,86.3,5.58,38.0,10.42,5.8,Local,Clay,22.22
1250.8,29.0,6.83,68.2,5.38,139.0,12.89,18.1,Local,Loam,27.1
775.9,32.8,5.43,62.1,7.31,202.0,12.82,33.3,TME 419,Sandy,20.89
1166.6,24.4,6.76,80.5,6.2,136.9,9.4,19.2,TMS 98/0505,Loam,28.15
928.8,25.9,5.62,70.9,4.19,168.5,11.92,29.2,TME 419,Loam,25.07
979.3,27.7,5.06,72.2,8.64,185.7,9.51,25.0,TMS 30572,Sandy-Loam,26.85
1570.8,28.9,6.51,60.0,5.98,194.2,10.08,5.9,Local,Sandy-Loam,24.03
1527.4,26.4,6.9,49.4,8.29,232.2,8.82,13.1,TME 419,Loam,31.14
1382.7,24.4,7.81,72.8,8.03,90.0,9.55,15.3,Local,Sandy-Loam,20.93
872.3,29.6,5.16,80.9,5.3,76.9,13.35,16.0,Local,Loam,23.4
1105.1,29.2,6.49,67.3,7.74,167.0,10.23,24.2,TMS 30572,Clay,26.9
1563.9,24.3,5.71,87.2,5.72,162.5,10.34,19.1,TMS 30572,Sandy-Loam,25.98
1242.5,31.1,6.55,61.6,4.26,166.5,6.38,0.0,Local,Loam,23.66
1895.8,30.5,4.97,57.3,5.99,233.4,9.23,1.9,TME 419,Clay,23.0
1318.0,27.4,5.12,69.2,6.98,120.7,9.4,0.0,TMS 98/0505,Loam,31.03
1257.6,27.2,5.46,69.0,5.94,145.6,7.93,16.8,Local,Loam,25.49
1107.3,28.7,6.06,79.2,6.13,61.2,10.05,17.4,Local,Loam,25.73
1240.1,24.4,5.55,60.7,7.87,248.1,8.93,17.8,TMS 30572,Sandy-Loam,26.59
1154.3,27.1,6.46,86.4,6.63,99.8,10.2,5.4,Local,Loam,26.33
1412.4,20.5,6.72,93.6,5.49,101.5,10.3,21.7,TMS 98/0505,Sandy-Loam,24.12
1487.0,29.6,6.42,69.5,7.34,99.2,7.61,22.2,TMS 30572,Sandy-Loam,28.63
964.2,22.3,7.13,85.0,6.74,81.3,9.0,2.4,TME 419,Loam,27.38
800.6,31.5,6.29,57.3,3.47,76.2,10.19,0.3,TME 419,Loam,25.93
649.1,26.0,5.15,82.9,7.01,88.6,12.96,15.0,TME 419,Clay,24.15
1352.4,26.4,6.95,82.6,6.97,38.1,10.64,32.9,Local,Loam,25.71
869.0,25.1,5.58,80.4,6.52,72.9,8.35,32.0,TMS 98/0505,Sandy,24.94
554.1,26.1,6.64,69.8,7.57,236.9,11.0,20.6,TMS 30572,Sandy-Loam,26.77
1316.6,31.3,7.1,34.5,5.69,164.1,14.27,7.7,Local,Clay,19.3
1947.9,19.5,6.32,62.3,6.9,175.6,12.29,23.9,TME 419,Loam,23.32
1198.2,30.8,4.95,62.5,4.62,190.6,11.37,10.5,Local,Clay,19.75
1451.5,28.0,5.36,58.3,6.99,230.0,11.81,7.3,Local,Sandy,22.6
1224.5,23.4,6.93,71.5,8.84,13.7,13.6,0.0,TMS 30572,Loam,26.25
1170.3,23.8,5.88,65.0,5.31,46.2,12.69,16.0,TMS 30572,Sandy-Loam,23.94
1475.7,32.0,6.06,60.1,5.59,71.8,11.42,8.7,TME 419,Sandy-Loam,27.31
1112.9,24.2,6.53,57.3,5.65,91.8,12.67,16.0,Local,Loam,23.78
1280.2,23.5,6.49,61.4,6.66,102.0,7.3,0.0,TMS 30572,Loam,28.93
1296.5,30.4,6.2,83.5,5.22,93.2,6.24,16.7,Local,Clay,20.08
999.6,28.0,5.85,62.1,7.01,133.2,10.39,0.0,TMS 30572,Loam,31.35
1497.6,24.2,5.78,63.8,7.52,122.1,10.17,25.9,TME 419,Sandy,22.94
1147.5,27.6,6.6,64.5,7.14,76.6,8.64,20.2,TMS 30572,Loam,28.91
973.3,23.9,6.39,74.1,4.38,0.0,12.06,12.2,TMS 98/0505,Clay,24.61
1361.0,30.3,5.82,75.5,7.69,60.4,5.34,20.6,TMS 98/0505,Sandy,26.13
930.5,30.2,6.76,33.5,7.62,87.0,8.66,5.2,TMS 98/0505,Sandy,23.36
1208.5,28.6,5.91,82.3,7.5,105.2,8.79,15.7,TMS 98/0505,Sandy,25.72
1197.3,28.1,5.4,87.2,6.95,52.2,5.91,22.9,TMS 30572,Loam,27.23
1525.8,32.3,5.47,57.4,6.76,90.6,13.74,0.0,TMS 98/0505,Loam,27.34
1342.4,27.0,5.31,58.3,7.74,52.1,6.6,10.5,TMS 98/0505,Loam,26.33
1192.5,23.5,5.81,64.6,8.81,112.5,8.53,14.8,TMS 30572,Loam,30.07
1445.3,28.3,6.86,60.9,5.36,55.6,12.27,13.0,Local,Sandy-Loam,23.39
1617.1,33.3,5.44,72.7,7.79,69.1,11.62,29.6,Local,Sandy,19.09
1367.3,24.0,6.13,46.6,6.4,41.5,7.23,3.8,TMS 30572,Loam,28.41
1203.1,25.9,5.54,56.6,6.34,110.8,11.71,8.8,TME 419,Sandy-Loam,27.43
806.4,28.2,5.82,88.5,4.66,68.0,10.72,0.0,TMS 30572,Clay,25.62
880.5,26.8,4.94,58.9,6.16,174.4,15.83,30.1,TME 419,Clay,21.63
1108.4,24.1,5.85,84.9,5.3,144.4,11.01,12.5,TME 419,Loam,30.28
1017.1,30.4,5.86,74.3,5.94,115.8,9.65,10.6,TMS 30572,Sandy,25.49
1143.9,34.0,6.38,48.3,5.18,72.2,7.86,14.5,TMS 98/0505,Clay,23.49
1217.0,27.6,6.16,77.6,5.96,142.8,8.14,21.4,Local,Clay,21.36
1358.9,24.3,5.16,68.6,6.01,161.4,7.94,18.5,TMS 98/0505,Sandy,23.7
1178.9,22.4,6.76,64.5,6.62,128.6,13.43,41.5,TMS 30572,Loam,25.68
1346.0,27.8,6.15,72.9,4.56,216.2,10.04,19.5,TME 419,Sandy-Loam,25.35
1219.3,30.3,6.14,75.7,4.77,147.6,11.41,10.3,TME 419,Sandy,26.27
607.4,28.4,5.99,78.5,6.93,174.8,13.79,9.4,Local,Loam,25.1
918.2,27.0,5.64,84.1,5.54,128.0,4.1,11.1,Local,Loam,20.87
1156.8,25.2,6.15,74.9,7.79,160.5,13.2,0.0,TME 419,Sandy-Loam,28.16
837.1,23.7,6.33,53.5,6.77,72.2,10.14,15.4,Local,Sandy-Loam,22.45
1380.0,29.5,4.78,64.3,7.23,92.5,11.09,22.8,Local,Clay,19.38
1659.2,29.7,5.62,100.0,8.19,141.0,7.93,8.9,TMS 30572,Loam,30.01
1565.6,22.4,5.82,78.7,6.13,140.5,8.11,6.9,TME 419,Sandy,24.28
1136.0,31.8,6.18,98.4,5.81,150.5,11.22,30.2,TMS 30572,Loam,29.19
1647.2,28.7,6.84,86.7,7.55,186.0,15.96,0.7,Local,Clay,21.95
1244.6,31.2,5.46,72.9,7.11,34.5,12.51,0.0,TMS 30572,Clay,25.1
1098.9,23.0,5.65,73.6,6.28,61.5,13.16,3.5,TMS 98/0505,Sandy-Loam,26.57
1016.0,22.9,5.64,69.6,8.17,133.8,9.52,0.0,TME 419,Loam,30.19
1109.3,26.6,5.44,49.1,6.25,76.5,8.5,18.9,TMS 98/0505,Clay,25.84
1083.5,28.5,5.76,70.2,6.54,322.7,8.05,11.4,TMS 30572,Loam,31.57
1251.1,32.4,6.54,84.5,6.53,150.9,8.78,12.8,TMS 30572,Sandy,26.63
1248.2,29.1,5.26,62.8,5.38,115.3,4.87,26.5,TMS 30572,Loam,23.47
1200.9,26.3,6.3,74.9,6.59,89.1,8.19,8.1,Local,Loam,24.53
1331.1,23.9,4.81,80.2,8.18,91.2,8.6,22.8,Local,Sandy-Loam,19.51
1557.2,30.7,5.61,59.1,7.03,121.8,9.56,30.1,Local,Loam,22.52
1484.9,24.1,5.77,64.6,6.54,126.7,10.33,10.4,Local,Sandy-Loam,23.65
754.5,31.9,7.17,57.8,6.31,92.6,10.91,22.4,Local,Loam,22.75
433.8,26.1,5.81,60.1,6.9,103.6,9.96,12.6,TMS 98/0505,Sandy,25.66
1480.3,31.8,4.46,54.5,7.4,200.7,8.55,24.2,Local,Sandy,16.22
789.9,29.0,4.6,59.2,7.23,203.1,5.09,0.0,TMS 98/0505,Sandy,22.72
1132.6,26.6,6.02,87.0,6.1,135.1,8.56,0.0,TME 419,Loam,29.31
849.0,25.4,6.43,59.0,6.89,39.5,7.57,11.1,Local,Sandy,20.33
659.4,26.0,6.26,71.5,7.08,152.3,11.17,6.1,TME 419,Loam,28.99
1362.4,28.3,6.12,64.0,5.29,213.3,12.27,9.8,Local,Sandy-Loam,26.26
1427.7,27.2,6.81,84.1,6.7,202.2,12.35,12.8,TMS 98/0505,Clay,29.28
1027.0,25.2,5.62,85.7,3.91,164.1,11.89,22.2,TMS 30572,Clay,22.21
422.7,26.5,6.63,80.4,7.08,205.3,9.67,10.9,Local,Sandy,19.85
1036.1,27.2,4.86,73.7,7.29,123.2,8.7,6.8,TMS 98/0505,Loam,30.69
1317.5,20.6,5.37,67.2,7.4,157.7,8.13,11.5,TMS 30572,Loam,26.48
756.3,28.4,4.74,55.7,6.03,79.2,6.23,7.3,Local,Sandy-Loam,21.12
1255.0,24.1,5.81,93.3,6.87,137.5,12.48,5.7,TMS 30572,Sandy,25.65
1195.4,23.5,5.97,60.9,8.21,199.8,9.56,0.0,TMS 30572,Loam,31.31
1373.8,21.9,6.08,78.0,8.2,84.6,6.88,15.7,Local,Loam,22.35
1235.9,21.6,6.04,82.7,6.46,68.3,7.93,9.3,TMS 30572,Loam,26.41
908.1,22.9,5.35,63.3,6.67,125.8,7.83,24.7,Local,Sandy-Loam,21.96
1559.0,24.9,5.87,82.5,7.83,106.4,10.11,0.5,TME 419,Sandy,27.68
1152.4,32.9,4.95,79.2,4.7,158.9,12.67,9.6,Local,Loam,22.26
1191.8,25.4,6.95,90.7,6.11,92.8,9.13,33.1,TMS 98/0505,Clay,23.63
920.0,27.5,5.79,64.4,8.1,223.1,4.37,5.6,TMS 30572,Loam,29.56
1067.0,28.2,5.66,54.6,7.67,42.6,9.53,12.6,Local,Loam,26.19
934.6,27.4,7.11,63.9,6.94,195.2,9.61,2.8,TME 419,Sandy,27.93
1148.1,26.8,5.13,72.5,4.69,74.1,9.44,1.5,Local,Clay,21.36
1713.5,23.4,5.21,70.7,6.44,12.2,8.43,30.5,TMS 30572,Sandy-Loam,20.52
788.4,31.4,5.23,65.3,5.79,134.3,10.54,16.7,Local,Clay,21.28
715.9,32.4,5.95,47.1,6.9,104.7,10.17,16.3,TMS 30572,Sandy-Loam,25.5
1641.4,22.0,6.3,75.6,5.53,53.4,9.94,0.0,TMS 98/0505,Loam,30.17
1137.2,23.9,6.52,93.7,5.27,19.1,11.03,18.6,TMS 30572,Sandy,23.33
999.3,26.2,7.8,75.6,4.02,119.5,8.93,26.6,Local,Sandy,15.31
1512.0,24.1,4.43,77.3,7.97,178.6,8.78,26.5,TME 419,Clay,21.28
1018.3,28.5,6.43,76.9,6.02,155.1,13.45,21.7,TME 419,Loam,29.81
1747.8,24.8,5.61,74.8,6.69,123.4,11.4,3.7,TMS 30572,Clay,26.63
1403.4,33.5,5.59,81.2,6.5,148.7,12.07,18.1,TMS 30572,Clay,23.99
1053.6,30.6,5.57,74.7,5.22,118.4,13.07,21.7,TME 419,Sandy-Loam,23.92
1847.2,27.6,5.36,66.2,4.99,34.2,11.31,0.0,TME 419,Loam,25.77
1018.3,30.1,7.18,60.4,5.29,34.7,12.32,3.8,TMS 98/0505,Loam,27.49
1422.6,30.3,6.59,67.0,5.63,107.8,6.05,23.9,Local,Loam,24.66
1289.8,25.3,6.02,73.8,6.94,110.4,10.51,23.8,TME 419,Loam,27.04
1590.5,24.6,6.95,66.2,5.55,171.1,9.54,0.0,TMS 30572,Sandy-Loam,30.65
1668.5,27.2,4.94,73.8,8.6,165.4,14.19,23.0,Local,Sandy,17.28
1209.6,29.6,5.07,75.3,7.73,156.3,12.32,16.0,TMS 30572,Sandy-Loam,30.48
974.0,27.4,4.48,80.0,7.47,103.2,8.42,22.8,TMS 30572,Sandy-Loam,25.99
1338.0,22.3,5.51,85.4,6.36,37.2,10.93,8.7,TMS 30572,Loam,27.35
996.7,24.6,6.11,70.9,8.32,144.7,10.42,21.5,Local,Loam,23.13
1804.0,26.8,6.07,54.3,6.24,151.5,11.14,23.4,Local,Sandy,20.29
1241.0,26.8,6.1,65.9,6.46,0.0,7.45,11.5,TME 419,Loam,24.5
1090.4,32.9,5.01,70.5,6.7,69.9,10.9,15.2,Local,Sandy,16.91
1255.4,22.8,6.56,48.0,7.34,78.5,9.43,8.5,TMS 98/0505,Loam,29.48
795.9,28.5,6.17,86.7,7.26,127.1,10.71,31.5,TMS 30572,Sandy,23.45
908.5,31.5,6.51,71.7,5.93,71.8,8.19,13.8,Local,Clay,20.57
1560.1,33.8,4.68,74.6,5.86,117.7,8.54,5.8,TMS 98/0505,Loam,25.77
1002.9,25.8,6.22,86.4,7.27,107.4,12.93,7.8,TMS 30572,Sandy,25.55
885.9,28.5,5.17,62.4,7.36,110.5,7.37,16.3,Local,Loam,26.04
1361.0,28.7,5.72,76.9,6.03,77.0,7.56,22.5,TME 419,Sandy-Loam,26.04
1555.7,27.6,6.37,68.7,4.6,81.7,9.87,1.6,Local,Clay,23.93
1415.7,26.7,6.06,67.8,6.25,55.2,8.07,33.5,TMS 98/0505,Loam,28.6
1498.8,28.3,5.4,60.7,7.25,142.8,7.79,18.1,TME 419,Clay,26.07
973.0,19.4,6.0,90.0,8.67,154.3,10.26,19.7,TMS 98/0505,Clay,25.19
773.5,29.0,4.93,65.5,5.06,73.8,6.24,14.0,TME 419,Sandy-Loam,24.53
1650.4,27.4,6.81,78.4,5.99,211.2,7.48,15.2,TMS 98/0505,Sandy,26.86
1103.2,26.3,5.86,47.5,6.03,101.1,15.14,13.5,Local,Sandy-Loam,22.55
1124.8,33.1,6.78,84.2,8.13,211.8,11.15,25.2,TMS 98/0505,Loam,29.21
1598.5,25.0,5.63,82.6,6.46,81.5,8.13,14.9,TMS 98/0505,Sandy-Loam,28.0
1366.9,25.8,5.63,71.2,5.41,0.0,11.05,22.7,TME 419,Loam,22.31
1336.8,33.0,5.47,67.3,7.17,144.1,11.42,10.7,TMS 30572,Sandy-Loam,27.68
1849.5,24.5,6.61,74.8,6.01,134.9,12.49,17.0,TMS 30572,Sandy-Loam,27.0
1006.9,25.3,5.5,97.5,5.03,122.1,9.68,7.0,TMS 98/0505,Sandy,26.32
1478.4,26.6,6.45,48.8,5.43,81.5,12.44,27.2,TME 419,Sandy-Loam,25.78
1217.1,29.5,5.73,79.4,8.58,117.9,4.9,6.7,TME 419,Sandy,25.25
1280.6,27.6,4.62,59.1,6.96,89.3,7.36,11.8,TMS 98/0505,Sandy,23.23
1658.5,23.1,5.6,69.8,6.63,101.9,10.41,11.9,TMS 30572,Loam,27.41
1352.4,25.4,5.17,67.0,6.2,170.5,10.82,11.5,TME 419,Sandy-Loam,27.45
1361.5,25.2,6.02,64.9,6.85,131.1,7.72,22.2,TMS 30572,Loam,28.75
1521.8,26.8,5.17,69.9,6.84,156.6,10.65,11.8,Local,Loam,24.97
1090.5,28.3,6.65,56.4,6.85,106.1,8.44,28.9,TMS 30572,Clay,26.96
948.2,28.3,5.94,82.4,6.64,99.5,9.31,6.8,Local,Sandy-Loam,23.99
886.6,21.7,5.88,48.5,7.54,50.8,12.56,16.7,Local,Clay,19.8
610.1,30.2,6.46,76.5,6.53,97.8,12.27,7.2,TME 419,Sandy,24.05
1816.9,27.8,6.67,66.1,5.33,0.0,7.51,19.2,TME 419,Loam,25.38
869.0,31.2,5.99,55.9,5.77,84.6,7.36,14.8,TME 419,Sandy,23.2
1133.6,28.3,5.46,72.4,4.13,115.1,8.97,13.4,TME 419,Clay,26.35
1117.0,30.3,4.76,51.3,8.93,153.8,9.93,26.9,TME 419,Sandy,21.95
1292.2,28.4,5.52,70.5,7.54,103.9,8.36,8.5,Local,Loam,24.11
1444.7,31.0,5.57,52.9,5.5,140.9,12.6,20.9,TMS 30572,Sandy-Loam,25.94
1458.1,28.6,6.07,75.5,6.16,0.0,10.87,7.3,TME 419,Loam,26.73
1025.1,26.7,5.76,58.9,5.74,116.6,11.02,16.1,TME 419,Loam,27.64
1149.9,33.8,6.48,64.6,8.35,19.2,6.83,3.0,TMS 30572,Loam,24.76
1284.8,29.7,5.57,73.5,4.8,47.5,12.92,8.4,TMS 98/0505,Sandy,25.56
1125.4,28.7,5.96,60.7,6.64,108.8,4.0,14.2,TMS 30572,Loam,26.6
1682.2,23.2,6.83,69.3,6.37,196.6,12.09,33.1,Local,Loam,22.59
1347.3,23.1,6.24,51.8,7.49,142.3,12.34,16.0,TMS 30572,Sandy-Loam,29.59
1420.5,27.9,5.96,77.6,6.38,121.1,8.92,31.5,TMS 98/0505,Loam,30.5
1398.9,27.4,5.58,91.2,4.39,118.8,13.18,17.2,TME 419,Loam,29.31
1552.0,25.2,5.56,100.0,6.2,77.2,9.84,11.1,TMS 98/0505,Clay,25.69
1254.3,27.4,5.4,71.1,5.33,87.4,10.16,30.4,TME 419,Clay,24.02
811.0,31.8,5.62,79.5,6.6,145.6,10.85,19.4,TME 419,Clay,23.33
1319.9,29.1,6.53,48.6,8.22,36.9,17.97,8.6,TME 419,Sandy-Loam,23.49
1004.6,23.6,5.84,88.0,4.41,155.6,13.36,19.7,TMS 30572,Clay,23.52
1041.4,26.7,5.06,79.3,5.54,96.7,11.75,12.1,Local,Loam,21.62
1375.9,24.6,7.24,64.2,5.84,169.5,7.72,0.0,Local,Sandy-Loam,25.54
1571.5,25.8,6.22,84.8,6.04,177.7,10.36,24.4,Local,Loam,22.17
1206.4,25.8,5.02,66.9,7.39,19.6,7.97,25.9,Local,Loam,22.97
1292.6,25.6,5.69,64.5,6.29,85.1,12.06,33.4,TME 419,Loam,28.33
1710.7,23.2,6.08,75.7,7.0,68.7,10.35,19.2,TME 419,Sandy,24.19
1272.2,26.6,7.19,57.2,5.75,11.2,7.19,12.5,Local,Sandy,16.7
1980.5,25.3,5.22,82.3,6.78,58.0,10.2,23.3,TMS 98/0505,Sandy,20.58
1369.7,18.2,6.68,57.3,7.43,266.5,7.88,23.5,Local,Sandy,16.43
671.8,33.2,6.98,57.4,5.62,156.6,10.38,31.4,TME 419,Sandy-Loam,23.87
1426.0,30.3,5.56,59.1,7.44,235.0,7.85,14.6,Local,Sandy-Loam,24.54
1314.3,25.9,5.81,79.1,6.56,169.7,10.07,13.3,Local,Loam,24.69
1586.9,27.1,5.27,62.6,7.75,75.5,11.88,7.8,Local,Sandy-Loam,25.09
1402.0,23.5,5.86,53.8,6.26,97.1,9.87,20.4,TME 419,Sandy,25.83
1158.5,32.1,5.97,62.7,6.96,155.3,9.02,0.0,TMS 30572,Sandy-Loam,29.33
832.7,32.7,6.46,69.6,6.45,146.3,10.51,22.8,Local,Loam,23.63
1137.3,27.5,6.76,55.8,6.38,85.4,11.74,20.9,TME 419,Sandy,22.14
944.8,30.1,5.48,56.2,6.81,29.4,7.23,20.9,Local,Sandy,18.13
1025.8,27.5,4.62,95.3,7.14,317.3,10.65,16.4,TMS 30572,Loam,27.36
1376.6,23.0,5.99,59.7,5.0,111.5,13.29,30.3,TMS 30572,Sandy,23.33
1701.0,25.8,6.21,66.1,8.22,100.5,11.43,23.7,Local,Loam,23.98
1318.4,27.4,6.17,65.6,4.27,126.8,10.14,8.9,TME 419,Sandy,25.46
841.2,25.6,5.77,64.9,5.68,105.4,11.6,9.1,TMS 98/0505,Sandy,25.46
1333.4,26.3,6.09,77.5,6.39,127.4,11.13,6.2,TME 419,Loam,29.7
1559.0,26.7,7.06,81.4,6.99,197.2,11.88,20.5,TME 419,Sandy-Loam,27.58
1017.1,26.8,6.27,66.3,8.39,112.5,4.94,5.0,TME 419,Sandy,23.05
1159.8,27.2,5.74,55.2,4.27,50.2,6.12,25.8,TME 419,Sandy,22.04
1204.4,23.8,5.65,85.3,5.89,110.3,12.51,28.2,TMS 98/0505,Clay,25.91
964.5,24.8,5.88,68.9,3.95,92.1,6.24,6.2,TMS 98/0505,Sandy-Loam,27.18
1394.5,23.1,7.15,90.8,6.54,205.4,11.0,13.1,TMS 30572,Loam,27.4
1163.7,29.9,5.87,43.1,6.83,190.3,9.12,15.2,TME 419,Sandy-Loam,26.88
1325.9,20.7,5.99,72.3,8.41,126.5,7.51,23.8,TME 419,Loam,25.79
933.8,30.5,5.66,93.0,6.64,43.3,10.87,31.1,TME 419,Sandy,22.25
1068.8,31.2,6.77,65.8,7.75,46.4,10.5,0.0,TMS 98/0505,Loam,30.66
1416.7,26.1,7.37,67.3,7.2,120.9,15.28,11.8,TMS 30572,Clay,21.75
1088.2,19.2,6.32,73.5,5.98,140.2,8.44,12.3,TME 419,Loam,26.41
1718.1,25.9,6.06,63.3,4.81,97.5,13.6,1.0,Local,Clay,21.87
1080.1,26.8,6.03,66.3,6.83,91.2,10.88,10.1,TME 419,Sandy,28.39
1267.4,24.0,4.33,65.9,4.71,84.4,8.35,19.3,TMS 98/0505,Clay,19.54
1479.8,25.5,6.52,62.5,8.05,118.6,12.0,12.2,TME 419,Loam,28.13
774.5,31.6,6.09,84.7,6.31,0.0,11.41,0.0,Local,Loam,20.66
671.8,29.0,6.3,75.5,7.93,53.9,10.09,43.7,Local,Loam,22.38
742.3,24.2,5.5,73.0,5.92,82.4,10.67,17.7,TME 419,Clay,21.1
1578.8,22.2,5.73,79.7,6.82,192.5,8.51,16.1,TMS 98/0505,Sandy,24.46
1034.4,26.0,5.71,66.8,6.75,71.2,7.94,4.0,TMS 98/0505,Sandy-Loam,30.2
1967.5,26.4,6.72,60.7,6.45,130.8,11.9,17.6,TMS 98/0505,Clay,24.46
1030.7,28.5,5.73,62.8,5.98,133.6,9.44,13.4,TMS 30572,Sandy,27.81
1255.4,25.4,7.46,70.0,6.97,197.9,9.8,0.0,TME 419,Sandy-Loam,27.01
1662.6,28.5,6.3,57.3,5.39,195.8,10.7,4.3,TME 419,Clay,25.93
1801.8,32.8,5.11,64.0,5.05,116.5,10.66,22.9,TME 419,Loam,25.15
1818.5,29.4,5.91,63.8,7.99,91.5,6.43,34.4,TMS 30572,Sandy,25.42
1562.5,26.9,5.54,95.5,7.37,80.2,13.22,18.7,TME 419,Loam,27.75
1507.2,26.5,4.46,36.7,6.58,105.5,10.3,26.0,TMS 30572,Sandy,20.99
1377.8,25.9,7.12,67.8,8.5,94.0,9.49,13.4,Local,Loam,27.18
1433.5,30.5,6.49,90.7,6.18,153.2,11.08,14.1,Local,Loam,24.2
1034.6,25.1,6.37,71.5,8.09,145.2,10.59,25.9,TMS 30572,Clay,27.99
954.5,27.1,6.12,79.0,6.71,155.5,11.92,31.6,TMS 98/0505,Sandy,23.82
1199.0,27.2,5.03,71.2,5.27,195.6,11.34,28.0,TME 419,Sandy-Loam,25.92
1148.9,25.5,5.66,62.0,8.72,231.8,11.79,4.3,Local,Loam,26.89
1064.0,22.9,6.59,43.1,7.69,127.5,13.38,14.3,TMS 98/0505,Loam,29.69
1408.9,28.0,5.26,72.5,6.35,186.0,12.21,17.8,TMS 30572,Clay,27.8
1486.6,26.8,4.23,60.7,7.37,98.9,9.6,12.4,TME 419,Clay,21.82
1226.5,28.5,5.84,60.4,6.02,191.1,7.19,18.9,TME 419,Loam,29.06
1643.3,25.4,5.9,64.0,7.49,183.7,14.17,23.2,TME 419,Loam,28.3
857.5,30.7,6.09,90.9,3.63,180.5,9.41,25.0,TME 419,Loam,26.89
1141.9,24.4,6.51,98.9,5.28,125.6,8.82,31.9,TMS 98/0505,Loam,27.71
985.0,32.1,6.45,72.6,7.68,79.9,5.66,11.7,Local,Loam,25.9
640.0,21.8,6.18,64.4,6.2,36.3,10.85,1.4,Local,Clay,21.69
1175.2,28.3,6.84,55.9,6.75,117.6,10.37,18.6,Local,Loam,24.56
1163.5,28.4,4.94,75.6,4.88,212.0,6.21,33.8,TME 419,Sandy,21.7
1654.0,24.6,6.35,91.4,8.72,101.4,11.13,10.2,Local,Loam,25.6
1389.2,28.3,6.44,67.0,7.93,167.1,8.75,21.9,Local,Sandy,20.38
892.7,30.8,5.13,41.5,6.26,170.6,16.73,22.0,Local,Loam,19.03
1756.2,20.3,4.95,78.0,6.01,103.0,8.58,16.9,Local,Loam,21.49
1566.3,28.5,5.48,81.8,7.74,199.0,8.91,15.1,TME 419,Loam,28.22
1374.6,19.5,5.54,51.0,8.88,0.0,7.81,5.8,Local,Clay,18.29
1132.1,24.1,6.53,72.1,7.64,46.6,13.19,0.0,TMS 30572,Sandy,27.44
912.2,31.9,5.57,75.4,9.11,65.1,9.07,3.9,TME 419,Sandy-Loam,28.22
1088.3,25.3,5.4,69.1,5.39,70.8,8.19,11.1,Local,Loam,24.59
1526.6,23.5,5.57,60.5,5.52,140.2,11.77,26.0,TME 419,Loam,25.13
1765.4,26.4,6.78,82.2,5.07,137.4,6.55,14.0,TMS 98/0505,Clay,25.84
1663.0,33.2,6.01,65.2,7.03,143.6,11.56,9.8,TMS 98/0505,Sandy-Loam,30.51
1053.3,21.5,5.87,52.2,6.71,155.8,14.45,6.1,Local,Loam,22.19
864.1,23.8,5.92,45.4,6.32,63.0,11.42,21.6,TMS 30572,Clay,25.18
1242.3,31.5,6.9,85.1,7.47,46.9,11.59,28.6,TME 419,Sandy-Loam,23.54
669.5,32.6,5.48,77.4,7.98,143.8,12.18,25.6,Local,Clay,18.1
1297.0,26.7,6.92,71.1,4.67,82.2,14.27,21.1,Local,Sandy,21.87
1155.7,23.3,6.15,64.7,5.78,25.8,13.02,0.2,TME 419,Sandy-Loam,26.38
1060.2,33.3,5.89,63.7,7.48,178.3,11.1,11.5,TME 419,Clay,25.32
721.6,31.8,7.75,57.1,5.94,203.7,12.26,34.5,TMS 30572,Clay,22.01
1354.1,29.0,5.26,64.8,5.54,213.4,7.79,26.2,TMS 30572,Clay,26.97
1040.2,24.6,5.75,44.6,7.72,131.2,11.94,0.0,Local,Sandy-Loam,25.53
849.0,26.9,5.14,61.2,4.95,157.6,7.49,14.4,TME 419,Loam,25.55
338.3,26.5,6.67,66.3,6.14,202.2,9.08,18.6,TME 419,Sandy,21.5
1191.7,28.0,7.18,77.3,6.89,81.5,4.0,7.4,TME 419,Loam,27.05
1731.7,31.4,7.17,69.5,5.81,186.6,11.0,0.0,TMS 98/0505,Sandy,27.06
1698.4,29.6,6.86,79.5,7.44,136.5,8.39,16.0,TMS 30572,Loam,28.35
1062.9,23.8,5.86,86.2,5.82,174.8,12.78,7.1,TMS 98/0505,Loam,30.23
1019.3,31.1,5.74,82.7,8.19,131.2,10.98,7.2,TMS 30572,Loam,30.6
1340.6,27.9,4.83,75.6,6.35,197.8,12.81,11.5,TME 419,Clay,26.21
900.5,29.1,7.43,70.1,7.31,133.4,7.29,13.7,TME 419,Sandy-Loam,26.65
1290.5,31.4,6.33,58.2,7.4,31.0,12.6,14.9,TME 419,Loam,25.43
1429.8,23.7,5.66,78.9,5.75,207.1,15.26,6.2,TME 419,Sandy-Loam,26.4
1568.1,26.9,6.93,90.2,4.04,63.1,11.91,12.8,TMS 30572,Sandy,22.84
1170.0,25.4,5.32,74.1,6.93,195.2,11.98,0.0,TME 419,Sandy-Loam,29.31
1138.9,22.3,6.28,93.0,6.59,114.6,10.42,18.1,Local,Sandy-Loam,23.89
936.6,28.0,5.88,51.7,7.17,190.6,8.69,0.0,TMS 30572,Loam,30.84
951.9,34.5,6.45,56.2,6.23,188.1,11.9,12.1,TMS 98/0505,Loam,27.98
1132.1,21.5,5.96,80.3,5.98,145.8,6.23,24.2,TME 419,Loam,25.87
1310.2,26.9,4.98,73.2,8.91,150.5,8.96,4.4,TMS 30572,Sandy-Loam,28.98
1474.1,28.9,6.05,85.8,4.73,145.4,5.57,22.2,Local,Sandy-Loam,22.0
959.0,27.4,6.73,69.8,7.38,0.0,8.24,26.6,TME 419,Loam,21.91
1647.8,26.7,5.98,59.6,5.81,127.1,11.61,0.0,Local,Loam,23.41
1118.7,23.1,6.54,67.4,6.1,53.0,11.26,13.5,Local,Sandy,21.84
1193.6,27.7,5.27,51.6,6.12,130.3,10.13,0.0,TMS 30572,Loam,30.11
975.8,24.7,5.98,56.5,5.54,51.4,10.43,13.8,TME 419,Sandy-Loam,26.67
472.7,20.4,5.56,81.7,7.19,48.9,5.29,14.9,TMS 30572,Sandy,20.45
1465.2,30.6,6.52,80.5,8.17,216.3,9.07,0.0,TMS 98/0505,Sandy-Loam,29.99
1421.1,29.9,6.02,74.4,7.06,184.2,8.3,34.2,Local,Sandy-Loam,21.39
1115.6,27.2,6.48,49.3,6.62,119.8,8.35,17.9,TMS 30572,Sandy-Loam,28.41
1220.1,27.7,6.76,65.7,5.32,131.1,11.5,6.5,TME 419,Sandy,26.14
1354.8,30.2,6.48,55.3,7.12,105.1,7.85,29.7,Local,Sandy,18.17
731.2,27.7,6.19,84.1,9.09,154.2,8.49,0.0,TMS 30572,Sandy,27.93
1041.3,29.7,5.3,63.0,6.04,79.4,4.78,2.7,TMS 30572,Clay,24.58
1438.3,26.1,6.0,57.0,6.05,179.6,9.26,0.0,TME 419,Clay,26.74
823.7,30.9,5.63,70.4,5.83,104.8,7.28,33.0,TMS 98/0505,Sandy,23.14
1288.1,28.0,5.76,62.3,5.91,94.8,10.2,18.3,TME 419,Clay,22.77
793.0,27.6,5.74,87.8,3.21,121.3,7.62,21.6,TMS 98/0505,Loam,26.97
1339.9,23.2,5.31,61.2,6.99,84.5,10.26,18.0,TME 419,Sandy,22.19
1189.3,27.9,4.63,53.2,5.49,139.7,9.64,20.7,Local,Loam,21.88
715.5,24.5,5.53,44.2,4.57,87.8,14.18,15.8,TME 419,Sandy,20.36
1549.4,25.1,6.14,69.6,7.4,148.1,11.24,17.7,Local,Loam,26.35
979.6,24.6,5.06,63.3,5.2,193.0,5.4,16.1,TME 419,Loam,22.02
956.9,23.8,6.01,52.9,6.09,76.8,6.84,8.9,TMS 30572,Sandy-Loam,25.69
1260.2,33.4,7.33,84.3,8.26,112.2,10.14,14.5,TME 419,Clay,24.83
1544.6,31.0,6.72,78.0,4.81,147.7,7.68,17.7,Local,Loam,23.76
895.3,32.8,7.15,69.7,4.66,93.8,4.0,16.1,TME 419,Clay,22.33
1218.5,23.3,6.27,86.4,6.82,147.9,13.37,0.2,Local,Loam,23.35
1328.6,27.2,6.82,78.0,7.88,153.3,11.8,1.6,TMS 30572,Loam,32.15
1407.9,23.1,5.49,60.1,4.61,185.0,11.3,25.8,TMS 30572,Clay,23.57
1252.9,24.9,5.55,57.5,6.99,83.6,8.48,11.9,TMS 98/0505,Clay,26.1
1089.9,24.2,4.08,79.8,7.2,63.4,11.07,20.8,Local,Clay,16.34
951.7,30.7,6.83,74.8,4.03,101.5,8.24,4.1,TME 419,Clay,26.95
1225.8,25.8,7.08,72.0,7.46,61.9,10.51,0.3,TME 419,Clay,27.85
878.4,30.2,5.61,59.8,7.55,153.9,7.7,6.6,TMS 98/0505,Loam,32.94
323.6,28.8,5.82,77.3,6.13,50.3,13.79,12.8,TMS 30572,Sandy-Loam,25.42
1331.0,33.9,5.47,60.9,8.0,260.0,6.07,8.3,Local,Sandy,19.67
1471.2,22.6,6.27,68.8,7.86,197.8,13.08,27.9,TME 419,Sandy-Loam,26.45
491.1,30.8,6.79,87.4,6.62,120.8,10.1,16.8,TMS 30572,Loam,26.01
897.1,30.4,4.78,62.1,5.96,172.0,8.78,33.5,TMS 30572,Sandy,23.85
1385.7,24.1,6.29,51.1,5.33,21.8,10.42,19.0,TMS 98/0505,Clay,26.38
1817.2,30.0,5.81,57.4,6.45,271.4,11.83,0.0,Local,Loam,25.72
1206.2,28.0,6.08,81.9,7.18,84.6,13.42,25.6,TMS 98/0505,Sandy-Loam,29.56
981.6,26.3,6.32,73.1,6.11,112.8,10.78,0.0,Local,Loam,24.89
1145.1,24.5,5.87,68.5,3.86,8.6,7.77,17.3,TMS 98/0505,Clay,24.48
1612.5,24.8,5.93,63.9,8.02,149.2,10.14,7.3,TMS 98/0505,Loam,29.98
1006.2,33.1,5.85,75.8,6.73,53.6,14.54,36.4,TMS 30572,Sandy,19.32
960.2,27.0,6.68,59.8,6.04,126.1,13.37,29.4,TMS 30572,Loam,28.36
1055.2,29.3,6.29,73.7,7.53,87.3,12.27,7.6,Local,Clay,24.76
914.0,24.6,6.15,61.2,8.33,55.3,11.99,13.7,Local,Clay,22.55
1236.8,24.7,5.11,59.2,3.14,71.7,11.75,17.4,Local,Loam,21.38
1687.4,30.2,5.73,62.4,7.02,133.5,12.9,23.6,Local,Sandy-Loam,21.21
1296.9,23.0,6.63,65.5,4.79,43.1,8.86,15.3,TME 419,Clay,22.4
1124.3,25.8,6.03,69.4,7.1,75.1,6.61,4.8,Local,Sandy-Loam,23.36
1112.5,27.1,6.46,72.8,6.65,159.8,10.17,7.8,TMS 98/0505,Sandy,27.85
731.0,27.3,7.24,25.7,7.26,276.1,7.96,15.0,TME 419,Sandy,22.61
1464.9,26.5,6.73,60.3,5.9,148.7,7.36,27.3,TMS 30572,Loam,29.44
1176.6,28.2,6.07,65.3,4.25,65.0,8.2,19.3,TMS 30572,Sandy,22.7
1145.9,29.1,5.64,88.1,5.96,98.0,16.21,7.3,TME 419,Loam,26.2
2157.9,29.2,4.21,57.0,6.99,121.9,10.34,21.5,Local,Loam,15.47
1289.6,24.0,5.88,72.0,7.72,99.0,10.9,11.1,TME 419,Loam,25.79
974.5,26.1,5.77,87.9,5.09,174.2,6.94,23.9,TMS 30572,Clay,26.18
1072.1,30.6,6.27,54.2,7.73,133.0,5.39,40.3,TME 419,Sandy-Loam,24.6
1544.5,29.7,5.89,74.7,5.72,174.5,7.95,11.4,Local,Sandy-Loam,24.57
1234.0,22.9,5.78,60.4,6.93,101.1,13.6,23.0,TMS 30572,Sandy,25.37
768.5,28.1,4.75,63.9,5.89,199.5,10.84,7.5,Local,Loam,22.61
1475.8,21.1,5.34,60.4,6.72,110.0,11.5,13.9,TMS 30572,Loam,25.8
999.6,27.1,6.33,61.2,7.57,61.7,11.85,15.3,TME 419,Sandy,25.71
1762.0,32.7,7.2,100.0,5.03,250.6,8.52,13.1,TMS 30572,Loam,27.75
1524.0,24.2,5.93,80.1,5.68,10.5,13.47,39.6,TMS 98/0505,Loam,25.44
1065.8,24.5,6.23,83.2,6.72,75.7,8.42,11.9,TMS 30572,Sandy,26.53
1584.3,29.3,6.67,75.9,9.38,82.4,13.52,20.9,TME 419,Clay,25.58
1220.4,22.4,5.43,50.7,5.46,270.5,11.11,0.0,Local,Clay,21.87
1455.8,25.1,6.26,74.7,8.95,228.4,5.53,19.3,TMS 30572,Sandy,26.36
1345.4,28.8,5.48,82.9,8.91,209.6,8.13,26.4,TME 419,Loam,27.84
946.1,25.1,6.61,59.8,6.38,100.2,5.54,9.7,Local,Sandy-Loam,22.13
1006.9,26.3,6.11,81.6,6.14,265.6,12.91,0.0,TMS 30572,Loam,32.89
1509.0,29.2,6.21,78.5,5.67,142.1,9.94,14.6,Local,Loam,28.35
1099.6,28.3,5.45,92.2,6.42,178.6,4.43,15.2,Local,Loam,25.57
1078.9,27.8,6.49,65.0,4.81,130.8,10.94,22.2,TMS 98/0505,Sandy,24.35
913.5,26.0,7.46,56.8,6.41,117.0,8.66,35.1,TME 419,Sandy,18.92
1327.1,28.1,5.29,65.7,8.3,104.9,6.29,11.2,Local,Sandy-Loam,22.22
1818.8,26.6,5.76,87.2,5.77,107.4,14.19,6.4,TMS 30572,Sandy,24.8
879.7,28.4,6.16,48.1,6.21,156.5,10.27,3.3,TMS 98/0505,Loam,26.97
1207.3,25.5,6.55,45.2,4.46,142.0,9.27,17.0,Local,Sandy,19.64
1623.7,26.5,5.61,71.1,6.95,118.1,9.0,19.8,TMS 30572,Clay,28.2
1176.1,24.0,4.02,64.7,6.82,210.6,6.22,9.5,TMS 30572,Sandy,20.25
1335.7,26.9,6.95,70.1,6.58,0.0,6.74,22.8,Local,Loam,19.02
881.3,24.6,6.53,81.3,6.24,150.6,13.21,19.7,TME 419,Loam,26.74
1328.5,23.7,4.78,63.4,6.15,163.1,8.82,15.4,Local,Loam,22.75
1143.9,27.8,5.57,47.5,7.1,188.8,10.06,6.0,TMS 30572,Loam,31.26
1495.7,27.6,7.1,94.5,6.47,116.1,4.89,10.2,TMS 30572,Loam,26.82
1556.2,29.3,7.01,58.0,6.88,132.5,6.7,0.0,Local,Clay,22.45
1976.9,25.7,6.66,57.3,6.76,179.2,11.52,17.4,TMS 30572,Sandy-Loam,25.9
1373.9,28.2,5.88,83.2,7.85,209.5,10.94,15.3,TMS 30572,Loam,29.12
1297.7,28.7,6.06,65.4,7.31,102.0,14.38,16.9,TME 419,Sandy,24.61
1258.3,28.3,5.91,69.2,6.73,136.0,13.36,20.0,TMS 30572,Sandy,25.42
1094.1,24.5,6.79,75.8,8.32,220.7,9.42,18.9,Local,Clay,21.4
1301.5,27.4,5.39,83.0,7.0,0.0,11.18,13.9,TMS 98/0505,Loam,26.68
1111.4,28.1,5.44,66.0,8.07,78.6,9.21,15.5,TME 419,Clay,26.61
1250.5,27.0,6.71,88.2,7.23,208.0,15.14,1.0,TMS 30572,Clay,28.55
1595.3,20.7,5.97,44.4,4.29,185.6,12.87,9.2,TMS 30572,Sandy-Loam,23.94
898.0,27.5,6.96,79.1,8.07,151.3,10.42,15.5,TME 419,Sandy-Loam,25.06
1542.0,33.6,5.53,59.9,6.66,93.1,10.5,7.6,TMS 98/0505,Clay,26.82
1595.1,25.9,5.96,86.5,6.44,67.1,13.61,23.6,TMS 30572,Loam,26.73
1164.6,24.8,5.35,71.7,6.84,84.5,11.45,8.4,TMS 98/0505,Loam,28.45
563.4,28.1,6.01,61.9,6.09,212.9,13.9,17.2,TME 419,Loam,24.97
1017.7,27.9,4.97,78.0,6.77,82.3,4.52,16.2,Local,Loam,21.24
1589.1,30.6,5.66,80.7,5.79,126.1,11.15,22.5,TMS 98/0505,Clay,28.64
1193.1,23.2,4.99,77.7,8.03,74.8,8.71,24.0,TMS 30572,Sandy,21.97
900.2,29.2,6.49,57.6,6.36,170.6,14.39,21.9,TMS 30572,Clay,23.94
1048.6,28.8,6.5,64.2,6.04,87.7,13.87,0.0,TMS 98/0505,Loam,31.4
1452.2,26.6,4.79,70.0,5.39,114.1,10.08,26.9,Local,Clay,19.25
1364.0,28.0,6.93,69.5,6.82,19.0,13.84,30.3,TME 419,Sandy,18.97
1128.3,30.1,7.75,79.0,6.72,23.2,14.46,10.2,Local,Loam,20.99
1090.0,29.6,6.03,45.8,6.97,120.5,10.19,17.4,TMS 30572,Sandy,28.19
1082.5,23.6,5.55,74.0,5.27,40.5,16.18,6.1,TMS 30572,Sandy-Loam,21.55
923.3,29.5,7.98,66.5,4.58,246.3,9.92,0.0,TMS 98/0505,Loam,25.24
1684.6,26.8,5.08,59.9,7.25,0.0,9.46,7.6,TME 419,Sandy,16.04
1103.3,27.2,6.01,61.1,8.28,72.0,12.16,9.6,TMS 30572,Sandy,26.49
1565.1,27.2,6.13,67.4,5.27,121.0,9.12,11.5,TMS 98/0505,Clay,29.35
1656.4,26.5,6.94,26.8,8.41,98.1,10.21,5.4,TMS 30572,Sandy,24.04
1499.5,30.6,6.25,61.6,6.84,53.8,13.52,7.7,Local,Sandy-Loam,25.54
1070.5,26.7,5.65,59.5,6.49,62.5,10.05,14.9,TMS 30572,Loam,29.76
1321.1,23.6,5.33,76.4,6.02,60.6,5.76,7.3,TMS 98/0505,Loam,30.17
1192.7,25.8,5.76,60.3,4.84,102.8,10.92,20.4,TMS 98/0505,Clay,28.15
928.9,27.5,5.3,67.4,7.69,237.1,8.26,21.8,TMS 30572,Loam,28.16
1297.3,30.7,6.03,88.5,5.57,124.7,12.16,38.8,TMS 98/0505,Sandy-Loam,27.16
846.3,28.8,5.61,81.9,5.56,191.0,11.74,26.3,Local,Loam,22.58
1556.3,24.4,4.95,80.8,7.69,150.4,13.68,17.4,Local,Sandy-Loam,21.19
1060.6,34.5,6.88,64.0,4.24,186.8,12.27,8.8,TMS 98/0505,Clay,25.47
1260.3,27.8,5.65,76.5,4.67,0.0,12.73,17.9,Local,Sandy-Loam,19.02
1285.0,30.8,5.11,67.2,6.48,101.7,8.33,18.3,Local,Sandy,21.51
1122.3,26.5,5.88,67.6,6.85,198.4,12.01,9.9,TME 419,Loam,29.46
1376.0,28.6,6.05,74.9,7.08,85.7,14.92,22.8,TME 419,Clay,23.82
1057.5,29.5,4.78,62.8,6.14,225.7,8.28,1.0,TMS 30572,Clay,24.51
1461.4,30.7,6.23,87.9,9.54,209.0,14.5,12.6,Local,Sandy,23.36
796.2,30.2,5.27,68.1,6.23,91.9,8.63,20.6,TMS 98/0505,Loam,25.77
1237.9,29.6,7.2,77.4,6.22,89.8,7.87,12.1,TMS 98/0505,Loam,28.82
1781.7,26.1,6.37,87.5,5.54,59.2,10.74,12.9,TME 419,Clay,26.68
899.9,25.3,5.72,82.4,6.65,82.2,11.79,13.6,TME 419,Loam,28.19
996.7,28.0,5.48,53.1,7.24,46.0,12.28,6.6,TMS 30572,Loam,28.27
1354.2,29.8,5.93,75.3,7.94,145.7,7.6,26.7,TMS 30572,Sandy,25.81
1253.9,26.3,6.43,80.2,4.71,32.6,11.09,4.8,TME 419,Loam,27.04
1305.2,30.2,5.98,80.7,6.2,156.2,8.29,18.2,TME 419,Sandy,24.35
1346.8,31.4,5.85,56.6,7.04,157.7,6.28,19.1,TME 419,Sandy-Loam,26.56
1390.4,24.3,6.04,62.1,7.2,20.3,7.68,5.5,Local,Sandy,21.1
1532.9,24.5,5.58,81.9,6.51,213.0,8.12,15.7,TME 419,Sandy-Loam,28.61
1322.9,26.6,5.76,60.9,7.15,150.8,11.3,5.9,TMS 30572,Loam,30.81
1127.6,27.9,4.54,66.4,5.53,165.0,12.88,28.9,TMS 30572,Loam,26.16
1401.8,25.4,6.68,88.9,8.37,74.5,6.32,3.6,TMS 30572,Sandy,28.29
1770.0,31.1,6.21,69.4,7.69,157.3,10.88,8.5,TME 419,Clay,27.8
1160.2,28.3,5.46,61.3,4.89,187.6,7.06,2.8,TMS 30572,Clay,28.7
907.6,27.1,7.33,59.5,5.21,114.1,11.57,1.4,Local,Loam,22.47
1532.1,22.7,6.06,74.0,5.24,240.1,8.44,30.9,TME 419,Sandy,21.77
1163.9,23.1,5.27,54.0,7.31,122.6,7.37,20.4,TMS 30572,Sandy-Loam,26.35
548.2,27.8,6.6,67.0,4.96,188.4,12.0,16.4,TMS 30572,Sandy-Loam,24.58
1454.2,20.6,6.28,74.0,6.1,137.6,8.53,8.4,TME 419,Loam,26.77
1039.4,30.0,6.28,85.6,7.05,155.1,9.21,24.1,TMS 30572,Clay,27.79
1172.8,26.5,5.7,78.0,6.42,19.7,4.45,6.8,TMS 98/0505,Loam,29.86
1299.6,36.7,6.32,61.4,6.81,142.3,12.37,22.9,TME 419,Loam,24.53
1257.1,33.9,5.82,84.1,5.22,75.9,12.05,6.3,TMS 30572,Sandy,23.54
1412.8,26.5,6.39,66.4,7.21,69.2,10.01,8.6,TMS 98/0505,Loam,31.42
1069.4,26.7,4.67,55.2,5.76,224.6,6.18,22.6,TMS 30572,Sandy-Loam,22.61
1353.9,30.0,5.7,67.9,6.11,107.2,13.02,23.6,TME 419,Sandy,23.83
1122.1,32.1,7.21,87.3,6.79,59.8,8.33,21.0,Local,Loam,22.25
1421.6,22.1,5.46,72.0,6.62,98.5,8.87,4.5,TME 419,Sandy-Loam,26.53
1384.6,21.6,5.58,70.2,6.53,42.0,15.78,10.5,TME 419,Sandy,21.29
919.4,25.1,5.69,89.6,5.6,206.0,8.24,16.6,TMS 30572,Sandy,23.99
1525.8,28.7,5.15,52.8,6.14,78.3,11.86,6.5,TME 419,Clay,23.71
1039.2,28.5,4.45,54.6,6.5,151.8,11.41,28.7,TMS 98/0505,Loam,23.79
1442.4,30.2,5.84,50.6,4.85,201.4,10.98,0.0,Local,Sandy,20.4
1310.2,23.4,6.1,74.5,5.94,90.0,10.71,7.2,TMS 30572,Loam,29.81
1751.5,20.1,5.96,72.0,6.97,151.9,10.94,9.9,TME 419,Loam,27.37
1133.0,29.6,5.9,88.5,4.97,58.2,10.68,0.0,TME 419,Sandy-Loam,29.1
1095.2,24.5,6.03,72.9,7.89,266.7,9.87,1.0,TMS 30572,Clay,28.85
1194.2,20.9,6.72,65.2,8.02,176.2,13.78,21.3,Local,Loam,21.56
1109.0,27.4,5.87,70.0,5.01,108.4,6.72,15.3,Local,Loam,25.58
1440.0,29.4,5.6,71.4,8.13,73.6,12.55,30.7,TME 419,Sandy-Loam,27.13
715.1,26.6,5.8,49.9,6.33,113.2,12.06,30.5,TME 419,Sandy,22.4
883.9,25.6,6.41,100.0,7.0,99.6,11.75,19.3,TMS 30572,Sandy,26.79
879.7,26.5,6.99,76.2,5.9,237.2,12.79,18.1,TMS 98/0505,Sandy-Loam,28.07
1485.1,25.9,5.56,72.5,7.61,46.5,9.77,15.7,Local,Sandy-Loam,23.19
1713.2,23.0,6.07,77.4,6.99,128.1,5.33,0.0,TME 419,Sandy,23.87
1168.7,24.9,6.24,78.5,5.52,118.9,9.82,1.1,TMS 30572,Sandy,24.97
1149.4,28.6,5.31,68.3,5.1,113.0,7.52,16.0,TMS 98/0505,Loam,29.71
1221.0,28.0,6.01,62.4,4.75,113.5,8.17,21.2,TMS 98/0505,Sandy,25.94
1548.6,27.5,4.97,77.2,6.73,113.0,6.89,17.9,TMS 30572,Clay,25.21
921.8,24.0,4.76,74.6,7.19,172.4,8.81,6.1,TME 419,Sandy,25.16
1271.5,26.5,6.26,60.3,7.28,156.5,8.51,24.4,Local,Sandy,21.3
1492.6,20.5,5.73,87.0,6.36,145.1,4.06,29.8,TME 419,Loam,20.23
1350.3,27.5,6.14,73.5,5.11,0.0,11.75,24.4,TME 419,Sandy-Loam,23.53
1256.9,31.3,5.99,78.8,5.68,138.0,15.55,24.9,TMS 30572,Loam,27.4
1500.3,22.6,5.32,86.7,7.88,20.7,11.52,9.4,TMS 30572,Loam,25.56
389.0,25.2,5.97,70.3,5.92,158.8,9.49,25.8,TMS 30572,Sandy-Loam,25.18
1403.4,28.0,5.14,73.8,6.67,208.5,9.86,16.5,TME 419,Loam,29.28
1003.8,30.8,6.97,79.7,5.21,64.4,8.95,20.1,TMS 30572,Loam,25.98
650.8,25.7,5.05,61.3,6.9,104.3,10.23,18.7,Local,Loam,21.23
1353.4,24.9,5.86,70.6,5.95,84.0,9.91,13.8,Local,Sandy,23.42
1612.1,21.1,5.27,71.5,7.76,194.1,7.9,6.4,Local,Loam,22.32
1158.8,27.3,6.4,58.5,7.43,125.7,14.21,14.2,TMS 98/0505,Loam,30.19
1485.9,33.1,5.77,97.8,5.91,223.7,6.28,24.9,Local,Loam,19.24
1683.7,27.8,5.64,53.1,6.35,144.8,11.8,10.6,TMS 30572,Sandy,23.56
1594.5,26.9,6.6,54.4,5.84,134.5,9.75,23.9,Local,Loam,24.35
1692.0,28.0,6.02,85.8,4.8,124.1,14.75,22.4,TME 419,Loam,28.17
1422.6,27.0,6.36,78.6,5.47,169.1,10.85,12.0,TMS 98/0505,Sandy,25.83
1222.6,24.6,5.31,57.7,6.74,15.7,9.1,28.9,TME 419,Sandy,21.17
719.4,29.5,5.02,77.3,6.89,125.1,9.38,11.4,Local,Sandy-Loam,21.43
1126.2,27.7,6.08,87.6,6.68,115.8,10.1,30.1,Local,Loam,25.79
947.0,27.1,5.78,69.6,6.14,163.5,7.14,19.3,TMS 98/0505,Sandy,24.55
1851.3,24.1,6.44,100.0,7.62,108.7,8.08,14.8,TME 419,Clay,24.94
1147.2,30.9,5.94,49.3,6.58,57.7,5.54,6.1,TME 419,Sandy,22.95
1237.0,29.0,6.14,78.3,7.34,120.4,7.69,14.1,TME 419,Clay,27.33
1365.4,25.3,4.86,84.0,4.37,55.0,10.23,13.0,TME 419,Clay,22.85
1213.1,30.0,7.32,80.7,2.0,4.5,10.75,2.4,Local,Clay,17.93
1708.5,25.5,5.89,67.5,6.84,163.6,5.05,12.8,TMS 30572,Clay,26.53
1013.2,24.7,6.49,66.5,4.79,154.7,9.66,7.0,TMS 30572,Sandy,26.08
1258.4,24.7,5.41,75.3,6.25,148.0,11.41,20.9,Local,Clay,21.47
977.3,21.7,6.22,79.8,6.14,198.2,9.59,28.1,TMS 30572,Sandy,23.15
804.0,28.4,5.09,77.2,8.4,80.1,8.42,2.7,TMS 98/0505,Loam,29.38
1016.5,21.5,6.32,82.5,6.98,34.1,8.97,32.1,TMS 98/0505,Sandy-Loam,25.45
1188.9,23.3,5.75,57.8,6.7,115.8,8.65,13.7,Local,Loam,23.04
1071.2,20.8,6.02,67.3,7.5,99.1,8.41,5.2,TME 419,Sandy-Loam,25.96
992.3,26.7,6.49,58.7,6.94,69.5,10.43,22.6,TMS 98/0505,Sandy,24.35
778.1,26.5,5.14,65.4,5.95,115.2,15.77,10.5,Local,Loam,21.51
1175.1,26.0,5.52,82.2,7.79,83.3,8.14,14.2,Local,Sandy,20.74
748.6,23.9,6.32,71.3,5.17,9.8,9.2,11.0,TMS 98/0505,Clay,25.18
1428.0,23.5,7.47,100.0,6.89,93.5,9.87,6.8,TME 419,Sandy,23.29
1224.7,28.4,5.9,72.3,4.64,51.8,8.28,22.2,TME 419,Sandy,22.67
762.7,25.3,6.41,70.7,6.74,133.9,12.75,12.1,TME 419,Loam,27.99
1107.2,27.9,5.93,71.3,6.73,80.6,4.07,0.6,TMS 30572,Clay,27.43
974.4,24.3,7.36,62.3,8.51,186.7,8.67,20.5,TME 419,Sandy,23.02
1295.8,27.5,4.78,69.3,4.62,216.2,12.05,2.9,TMS 98/0505,Sandy-Loam,26.75
1602.1,30.9,6.07,83.5,5.78,160.8,9.26,3.5,TMS 30572,Sandy,25.39
637.4,28.8,4.86,71.4,7.49,26.9,7.95,26.9,TME 419,Sandy,20.5
1234.5,25.8,4.25,60.5,6.9,210.3,11.1,3.0,TME 419,Loam,26.03
1152.0,27.8,6.21,58.9,6.72,214.5,12.27,0.0,Local,Sandy-Loam,25.95
1401.4,26.3,6.1,64.6,5.35,121.1,10.53,21.2,TMS 30572,Sandy,26.59
1264.0,27.0,5.8,70.9,5.79,199.4,8.0,12.0,TME 419,Sandy,22.18
974.4,26.0,5.93,84.3,7.99,86.9,11.14,12.8,TMS 98/0505,Clay,29.73
1104.3,26.5,8.17,53.9,6.44,8.0,8.99,11.9,TME 419,Loam,20.64
961.2,27.6,5.82,66.2,6.95,74.4,11.86,17.3,TME 419,Clay,25.83
1522.8,24.0,6.36,71.7,6.36,223.8,13.71,7.5,TME 419,Sandy,25.04
1206.4,24.0,5.55,48.0,5.08,30.5,4.0,29.8,TMS 30572,Loam,25.16
1770.4,22.8,6.21,60.0,7.62,120.0,10.28,0.2,TME 419,Loam,27.23
1181.8,22.2,5.83,61.8,7.1,122.0,5.66,19.4,Local,Loam,24.75
987.5,23.3,5.71,60.4,9.27,89.2,16.1,21.4,TMS 98/0505,Clay,25.21
745.9,27.5,7.27,72.3,5.28,93.4,8.83,7.4,TME 419,Clay,24.85
659.1,24.3,6.82,68.1,7.49,124.3,11.87,4.8,TME 419,Loam,27.15
724.8,28.5,6.1,63.3,4.93,86.3,9.91,25.2,TMS 30572,Sandy-Loam,24.48
1280.1,27.1,4.39,75.1,6.69,34.7,7.99,5.1,TMS 30572,Loam,26.05
1352.6,21.1,5.75,90.7,7.67,132.9,7.69,8.9,TME 419,Sandy,24.16
725.6,29.0,7.89,89.7,4.01,184.4,13.96,23.9,Local,Clay,17.58
1468.5,29.4,5.84,46.9,6.25,172.2,12.39,15.3,TMS 30572,Clay,26.16
1055.1,24.0,6.77,76.9,5.82,71.4,14.86,0.0,Local,Sandy,19.85
1244.0,28.3,7.01,67.9,5.66,44.9,10.14,32.5,TMS 30572,Clay,25.99
1683.7,24.4,6.15,71.9,6.96,102.9,10.72,9.7,Local,Loam,27.71
1469.1,27.3,5.41,65.2,7.84,214.1,9.33,11.0,TME 419,Clay,27.12
1119.4,23.2,4.3,71.4,6.34,158.7,9.28,17.6,Local,Sandy-Loam,17.32
932.6,21.6,6.48,71.8,6.75,162.2,7.4,21.3,TME 419,Loam,27.42
554.5,25.9,5.43,63.1,6.64,173.4,10.21,34.6,TMS 30572,Sandy,21.73
984.3,26.6,6.12,59.2,6.5,145.2,8.03,0.0,Local,Clay,24.74
1136.7,25.8,5.13,64.6,5.19,127.2,11.1,23.3,TME 419,Clay,23.47
903.8,23.4,5.81,72.8,7.83,159.7,10.43,22.4,TMS 98/0505,Sandy,27.76
1160.6,25.8,6.02,77.2,6.85,87.2,10.72,13.6,TME 419,Loam,28.19
1223.1,27.8,6.19,80.2,6.97,35.1,14.19,22.9,TMS 30572,Sandy-Loam,27.38
1132.5,26.9,5.22,64.1,5.53,163.4,9.91,24.3,TMS 98/0505,Loam,27.92
1005.0,27.5,6.84,73.4,5.95,194.3,11.89,1.2,TMS 98/0505,Sandy,27.42
1250.6,25.0,5.58,81.6,6.29,52.9,15.13,32.5,TMS 98/0505,Sandy,22.44
1332.6,30.5,4.83,84.0,4.66,169.3,13.27,0.0,TME 419,Loam,27.71
872.9,23.5,5.92,69.3,4.47,220.8,12.88,3.6,TMS 98/0505,Sandy-Loam,29.78
1623.3,28.5,6.02,67.3,5.78,119.9,9.23,12.4,TMS 30572,Clay,27.91
1170.4,30.5,6.11,72.3,7.13,70.9,10.57,34.2,TMS 30572,Loam,27.88
1205.7,28.4,6.95,56.2,5.72,127.4,6.7,11.9,Local,Clay,21.98
1412.5,26.4,5.83,67.7,5.28,87.0,11.25,14.7,TMS 98/0505,Clay,28.59
1270.0,25.4,5.92,78.9,5.52,83.0,10.69,29.3,TMS 30572,Loam,29.21
1485.9,30.1,5.23,77.7,5.95,146.0,10.06,12.0,TMS 30572,Sandy,21.73
1286.1,22.7,6.57,66.8,6.08,23.8,12.57,3.2,Local,Clay,20.6
1016.3,24.1,6.13,72.6,9.1,33.4,6.98,10.8,Local,Loam,24.2
1308.5,25.8,5.71,60.1,7.77,121.2,14.09,28.7,TMS 98/0505,Sandy,26.04
856.9,30.7,4.67,78.4,7.73,118.7,12.25,15.7,TME 419,Loam,24.83
1232.6,28.1,7.01,69.1,7.9,140.6,9.82,34.3,TME 419,Sandy-Loam,27.47
1190.0,24.1,5.14,66.7,5.3,232.5,9.63,22.4,TMS 30572,Loam,25.93
1137.6,26.1,5.59,65.7,5.03,126.3,11.2,8.6,Local,Sandy-Loam,24.5
1161.4,25.2,6.25,69.2,5.17,155.9,13.8,15.5,TME 419,Sandy,25.79
635.4,24.9,5.16,64.6,8.1,61.5,10.25,6.5,TME 419,Clay,21.72
1035.4,29.9,4.95,77.9,5.84,166.1,10.36,8.3,TME 419,Sandy,27.15
1227.9,22.9,4.51,65.3,5.0,88.4,10.05,59.8,TME 419,Loam,21.11
1248.0,31.8,6.5,89.1,5.98,124.3,14.46,25.2,Local,Loam,23.03
891.7,29.5,5.62,87.6,6.21,113.5,9.08,23.6,Local,Loam,22.66
1579.7,30.3,8.05,59.3,6.82,182.0,9.93,8.8,TMS 30572,Clay,22.53
940.1,25.6,5.3,70.8,6.8,41.4,13.66,30.7,TMS 98/0505,Clay,23.87
1490.8,26.6,5.35,62.2,5.51,0.0,10.37,26.0,TME 419,Loam,23.13
1328.2,22.7,5.6,66.1,7.32,107.2,12.84,33.8,Local,Sandy-Loam,23.23
1006.1,25.4,6.17,94.0,5.73,148.1,7.72,33.3,Local,Loam,22.6
1732.6,28.5,5.67,66.3,6.31,129.1,9.49,0.2,TMS 30572,Sandy,27.41
841.9,30.9,6.43,74.3,7.32,193.9,13.71,3.9,TMS 98/0505,Sandy,25.43
1475.7,23.7,5.31,76.5,5.73,146.2,8.31,5.0,TME 419,Loam,27.4
1500.2,25.9,5.03,58.0,5.82,86.2,9.62,5.6,Local,Clay,21.56
998.8,26.5,4.74,59.7,7.21,0.0,10.64,18.2,TMS 30572,Sandy,19.36
1617.7,22.8,4.44,55.5,5.47,105.8,7.53,9.3,TMS 30572,Sandy,18.71
1125.0,28.8,5.64,59.4,6.04,181.7,8.97,35.7,TME 419,Sandy,23.11
1286.6,24.8,5.79,35.8,7.17,96.5,10.28,34.0,TMS 30572,Loam,28.18
1278.1,26.4,5.56,76.5,8.96,121.7,10.12,14.9,TMS 30572,Sandy,28.28
1159.7,25.6,6.87,94.7,7.23,145.3,13.2,34.6,TMS 98/0505,Sandy,24.69
1443.2,24.6,6.86,71.8,7.07,59.1,13.85,29.9,Local,Loam,19.45
1438.0,27.0,5.77,53.0,7.14,157.4,7.86,10.5,TMS 98/0505,Clay,31.45
675.4,26.4,4.74,62.3,5.21,218.2,10.28,0.0,TME 419,Loam,25.83
1591.3,25.9,5.6,64.5,6.64,109.6,11.69,12.8,TMS 30572,Loam,28.63
701.3,24.8,5.58,57.8,6.46,52.3,13.79,8.6,TME 419,Sandy,21.59
1509.8,28.0,5.54,80.3,6.89,116.0,11.8,17.1,TME 419,Sandy-Loam,27.95
1538.0,32.0,5.51,79.7,6.64,0.0,10.73,15.9,TMS 30572,Loam,24.65
872.7,27.4,5.54,56.1,6.96,140.2,11.67,15.6,TME 419,Sandy-Loam,28.1
1076.8,30.0,5.73,78.7,6.13,147.1,11.68,20.2,Local,Sandy-Loam,22.63
868.3,22.8,5.56,88.3,6.57,220.5,7.68,2.9,TME 419,Clay,25.02
1135.5,27.5,6.15,92.8,5.03,108.4,10.48,19.1,TME 419,Sandy,27.35
1107.6,23.7,6.25,100.0,6.12,144.5,13.65,10.6,Local,Loam,24.33
1433.9,22.6,5.36,59.2,8.17,68.3,9.48,17.0,TMS 98/0505,Sandy,24.29
1593.1,24.8,6.89,100.0,6.88,98.6,10.32,24.6,Local,Sandy-Loam,20.74
1618.7,30.6,5.31,65.7,6.47,28.5,9.39,2.8,TME 419,Clay,25.4
1031.3,29.9,4.87,62.9,8.78,108.3,4.22,12.2,Local,Sandy-Loam,22.26
1137.2,27.7,6.27,73.9,4.87,101.7,10.05,13.8,TME 419,Clay,27.54
695.0,22.4,5.43,63.0,5.17,138.0,10.75,9.9,TME 419,Loam,25.25
958.2,26.4,6.22,74.8,8.56,82.6,8.72,24.0,TME 419,Loam,28.92
1489.5,27.9,4.32,54.2,6.56,125.0,7.11,7.8,Local,Loam,22.51
1684.7,27.5,6.97,67.1,6.21,100.0,7.8,9.4,Local,Loam,25.84
829.7,21.5,6.47,85.4,5.06,100.1,11.91,7.9,TMS 30572,Clay,23.29
1022.3,24.3,4.95,69.3,7.04,124.8,14.93,25.9,TMS 30572,Sandy-Loam,20.7
1192.1,26.8,4.96,71.7,7.15,122.4,13.46,10.1,TME 419,Loam,27.54
1284.0,28.6,7.17,75.7,5.19,165.7,6.64,19.6,Local,Sandy-Loam,23.63
957.1,20.4,5.48,84.0,6.33,112.8,12.14,34.8,TMS 98/0505,Sandy-Loam,22.53
1327.2,26.5,5.42,50.1,6.1,99.0,8.34,14.3,Local,Loam,23.96
1057.8,27.4,4.41,77.0,6.81,109.2,8.54,26.1,TMS 98/0505,Loam,24.69
1195.7,29.5,5.75,66.8,5.16,77.1,8.85,31.7,TME 419,Clay,24.47
1363.9,29.1,5.84,72.0,8.0,98.4,11.77,25.3,TME 419,Loam,27.88
1201.9,28.7,6.5,82.7,7.6,241.9,12.4,14.8,TMS 30572,Sandy,28.86
1069.1,24.6,5.02,55.7,6.06,65.2,9.75,21.4,TMS 98/0505,Loam,26.78
1167.1,21.3,4.94,57.8,6.24,103.3,9.8,2.1,TME 419,Sandy-Loam,23.18
1173.5,25.8,6.32,46.8,6.34,96.8,11.16,7.2,TME 419,Sandy,26.37
1089.0,30.0,6.7,63.4,5.57,105.2,11.42,9.0,TME 419,Clay,24.5
1122.4,31.2,4.9,86.0,5.97,100.1,12.94,37.4,TMS 98/0505,Sandy-Loam,25.89
1679.6,29.1,6.76,68.6,6.18,136.8,6.79,6.9,TMS 30572,Clay,28.06
1368.3,28.3,6.03,53.9,8.44,17.4,10.05,6.7,Local,Loam,26.86
1111.4,28.1,6.76,64.2,7.64,182.2,7.33,4.6,Local,Clay,23.8
1409.1,25.3,5.95,52.1,7.62,158.0,9.87,20.6,Local,Loam,24.48
1099.9,26.6,4.23,56.5,6.94,45.4,9.43,16.4,Local,Sandy,15.38
1551.9,32.0,5.89,74.7,5.16,0.0,9.88,25.9,Local,Sandy-Loam,18.17
1310.9,24.2,6.74,55.9,6.45,61.4,8.0,21.7,TMS 30572,Loam,26.49
1167.8,31.8,5.37,83.4,7.66,105.4,6.28,1.2,Local,Clay,21.58
1334.3,26.0,5.73,69.1,4.99,274.8,4.76,6.9,TME 419,Loam,28.08
728.7,31.0,5.88,71.0,7.26,152.6,9.67,28.7,TMS 30572,Sandy,22.67
862.0,22.8,3.97,66.7,9.29,11.5,8.92,13.0,Local,Sandy-Loam,15.18
841.8,28.8,7.17,79.3,7.77,78.6,8.31,26.9,Local,Clay,20.11
1242.9,24.8,5.37,79.4,8.2,116.8,13.31,13.5,Local,Sandy,20.64
1719.8,22.8,6.35,74.0,6.76,135.2,7.85,5.3,Local,Sandy-Loam,22.23
1869.4,27.7,5.94,76.8,7.66,41.1,13.54,12.0,TMS 30572,Clay,23.86
1391.4,30.0,6.88,67.5,5.64,111.9,14.06,5.3,TMS 30572,Loam,31.42
1350.3,24.5,6.28,76.5,7.46,76.9,5.12,9.3,Local,Clay,21.26
659.7,22.5,5.84,65.9,7.29,53.8,10.23,17.0,TME 419,Sandy,22.78
1037.2,26.7,5.37,70.0,6.85,135.6,9.0,20.1,Local,Loam,24.62
963.7,26.7,6.56,66.7,8.08,166.4,4.0,0.0,TME 419,Sandy,21.82
1013.7,28.6,4.69,64.5,5.85,170.5,6.39,14.8,TME 419,Loam,27.48
1149.6,29.8,6.45,61.7,6.28,154.5,11.94,9.1,TME 419,Loam,30.34
1058.4,26.8,5.23,75.6,6.61,90.2,15.05,8.5,TME 419,Sandy-Loam,24.88
606.2,32.6,6.88,85.7,5.26,162.9,12.26,16.3,Local,Clay,19.29
1424.4,27.7,6.11,84.1,6.77,138.5,10.81,9.5,TMS 30572,Sandy,25.72
878.2,26.0,6.45,54.9,4.44,128.0,9.95,28.8,TMS 98/0505,Sandy-Loam,29.31
1271.8,22.2,6.06,85.5,7.76,83.3,14.21,26.9,TMS 98/0505,Loam,26.24
1822.2,26.2,4.77,66.2,6.56,90.2,15.37,26.8,Local,Clay,15.87
924.2,26.0,5.4,77.2,5.87,124.4,8.53,10.1,TMS 30572,Sandy,24.21
440.9,29.9,6.47,59.1,5.5,266.4,5.0,5.4,TMS 30572,Sandy-Loam,25.79
1114.2,28.4,6.12,71.7,6.22,138.1,4.75,15.8,TMS 98/0505,Sandy-Loam,30.28
1530.3,23.5,6.83,73.8,7.33,83.3,13.3,13.5,Local,Clay,23.56
1787.5,27.5,6.28,52.2,7.16,70.1,9.88,8.9,TMS 30572,Sandy-Loam,27.4
831.1,29.0,5.32,77.3,5.65,90.5,10.46,3.2,Local,Loam,24.89
1349.0,31.6,5.44,86.2,5.48,250.6,5.52,14.6,TMS 30572,Sandy-Loam,27.11
1060.4,29.7,6.07,67.9,7.29,96.0,8.12,11.0,TME 419,Loam,28.03
1168.2,29.3,4.38,86.3,5.63,174.4,9.26,21.9,TMS 30572,Sandy,24.15
1993.3,27.2,7.17,67.7,6.57,97.4,10.52,21.7,TMS 98/0505,Clay,26.2
749.1,28.2,6.31,80.2,6.65,135.7,9.0,26.0,TME 419,Clay,25.27
1276.1,30.7,6.86,43.4,6.87,167.5,7.41,2.4,TME 419,Loam,30.56
1340.3,23.0,4.89,99.0,7.53,85.7,8.04,19.0,Local,Sandy,19.18
1525.7,26.0,6.87,87.9,4.98,81.5,13.02,7.7,TME 419,Sandy,24.22
1229.4,24.7,7.56,66.6,4.21,219.5,10.61,2.8,TME 419,Loam,27.37
1292.4,28.1,5.08,46.3,5.82,179.1,11.53,10.7,Local,Sandy,22.1
1082.5,30.7,6.54,73.5,8.66,167.4,7.75,25.7,TMS 98/0505,Sandy,25.45
1280.7,25.2,6.0,52.7,8.93,167.2,4.0,11.3,Local,Loam,26.76
1097.0,19.8,4.92,75.3,8.7,147.6,8.69,30.7,TMS 30572,Sandy-Loam,22.51
1386.5,25.8,6.35,74.9,6.27,241.1,7.83,20.5,TMS 98/0505,Clay,30.12
1089.1,29.7,6.58,58.7,4.36,122.6,10.87,11.1,TMS 98/0505,Loam,29.87
1313.1,28.6,5.58,83.5,3.69,154.6,18.21,26.6,TMS 30572,Sandy-Loam,24.11
1191.2,28.3,6.82,79.7,5.76,32.9,11.74,19.5,Local,Clay,21.0
1537.8,26.2,4.83,81.7,6.26,70.5,16.84,5.7,TMS 30572,Loam,24.19
1184.6,23.2,4.95,70.1,8.06,48.0,11.42,33.6,Local,Loam,20.2
668.1,28.5,6.1,53.0,7.54,196.4,8.43,17.6,TMS 98/0505,Loam,31.12
1578.6,24.5,6.02,81.7,6.77,0.0,10.87,15.2,TMS 30572,Sandy,18.45
928.3,33.6,5.5,66.8,5.43,95.9,14.45,6.4,TMS 30572,Loam,24.92
1003.9,28.7,6.57,53.3,5.35,0.0,14.57,26.8,Local,Loam,17.37
1021.3,25.3,6.37,86.2,6.8,70.1,8.56,20.2,TME 419,Loam,26.39
1612.3,25.2,6.6,95.2,7.34,90.5,10.63,21.3,TMS 30572,Clay,27.72
559.3,26.7,5.91,69.5,6.97,203.1,6.43,9.9,TMS 98/0505,Loam,30.65
2141.3,26.3,6.42,95.9,5.26,143.8,12.06,23.3,Local,Clay,19.71
1516.8,30.4,5.69,71.1,7.28,70.0,13.88,24.1,TMS 98/0505,Loam,27.63
1267.0,27.6,7.44,65.4,7.01,184.0,10.1,8.3,Local,Sandy-Loam,25.46
1183.5,24.8,5.43,62.4,5.22,121.1,8.33,0.8,TMS 30572,Loam,27.19
1285.7,32.7,7.47,89.6,5.56,122.3,10.9,20.8,TMS 30572,Sandy-Loam,27.52
1356.3,27.1,6.02,60.6,7.33,47.8,11.04,0.0,Local,Sandy-Loam,24.43
1393.6,29.3,5.04,78.8,6.22,60.6,10.2,16.5,Local,Clay,20.24
1366.7,25.2,6.96,63.3,8.41,70.5,10.45,10.5,TMS 30572,Clay,26.22
1226.9,28.1,6.09,64.5,7.1,122.8,9.57,27.2,TME 419,Sandy,23.72
1140.8,27.9,6.6,82.4,5.92,124.7,12.49,11.1,Local,Sandy-Loam,27.04
1154.6,21.3,6.86,65.4,6.49,212.6,11.84,26.1,TMS 30572,Sandy,24.19
1141.5,33.0,6.24,65.1,6.58,143.1,7.54,9.9,TMS 30572,Loam,30.65
1540.1,30.9,5.59,83.6,5.63,0.0,7.47,25.0,TME 419,Loam,20.99
1378.1,25.8,6.68,89.2,5.4,135.8,9.36,35.6,Local,Loam,23.58
317.9,23.7,6.0,77.7,7.34,33.0,11.84,4.3,Local,Clay,19.18
1396.8,28.0,6.48,62.1,7.51,62.0,10.37,17.9,TMS 30572,Sandy-Loam,28.76
1258.4,27.3,4.49,63.9,7.22,71.3,8.39,42.5,TME 419,Loam,20.94
1194.4,28.1,6.31,71.0,8.32,80.2,10.65,15.7,TMS 30572,Sandy-Loam,30.69
1083.4,27.6,5.55,73.9,5.85,37.5,9.17,15.6,TMS 30572,Loam,28.29
1537.2,28.5,7.16,58.1,8.51,132.2,12.2,22.9,TME 419,Sandy,22.71
1484.3,31.3,6.44,78.7,5.42,35.4,10.83,15.4,Local,Sandy,17.89
968.1,28.7,6.17,71.0,5.28,141.4,9.21,0.0,TMS 98/0505,Clay,29.82
1322.1,23.9,6.34,49.4,4.39,254.2,10.58,26.3,TME 419,Sandy,26.75
908.5,31.1,5.3,58.9,5.97,40.2,13.29,0.0,TMS 30572,Loam,25.89
786.1,31.9,7.14,64.0,5.9,102.9,8.58,10.8,TMS 98/0505,Sandy,24.43
1012.0,36.5,7.39,69.1,7.13,0.0,11.01,27.1,TMS 98/0505,Loam,21.28
1458.7,23.6,6.28,92.7,6.79,101.9,9.82,11.4,TME 419,Clay,24.23
1485.9,27.7,7.11,72.9,5.07,158.6,11.07,8.1,Local,Loam,24.36
1353.9,20.8,5.6,59.9,6.03,163.2,8.36,23.8,TMS 98/0505,Sandy,22.32
1417.5,28.7,5.44,72.6,6.05,124.6,10.28,6.5,TMS 30572,Loam,31.18
1354.9,25.4,6.03,65.8,4.37,173.4,12.77,2.8,TME 419,Loam,31.07
1007.6,32.8,6.3,73.9,5.32,272.8,7.66,17.7,TME 419,Sandy,24.66
1329.6,24.7,5.72,77.0,5.58,222.7,6.68,13.2,TME 419,Loam,27.44
1440.1,21.9,6.38,84.5,8.22,88.6,6.77,2.6,TMS 98/0505,Clay,26.64
1426.3,25.6,6.21,69.7,6.73,32.9,7.07,21.4,TME 419,Sandy,22.85
1556.7,21.1,5.3,89.7,7.29,95.6,11.49,19.6,TMS 30572,Loam,24.44
1412.5,29.3,6.36,80.9,4.7,63.2,6.49,11.4,TMS 30572,Loam,28.49
1305.4,20.8,6.6,61.5,7.93,147.1,9.26,12.1,TMS 30572,Loam,28.79
1521.0,27.1,6.12,96.5,8.06,49.1,11.55,19.7,TMS 30572,Loam,29.32
1192.0,20.8,6.81,73.9,4.1,115.6,11.04,26.9,TMS 98/0505,Loam,26.08
935.4,26.0,5.15,60.0,5.65,170.3,9.04,12.2,TME 419,Loam,27.24
1151.1,31.9,6.33,89.8,7.09,114.0,10.48,21.5,Local,Clay,21.93
976.5,28.1,5.18,94.9,7.27,63.2,10.27,20.7,TMS 30572,Sandy,21.87
